
==========================================================================
finish report_tns
--------------------------------------------------------------------------
tns max 0.00

==========================================================================
finish report_wns
--------------------------------------------------------------------------
wns max 0.00

==========================================================================
finish report_worst_slack
--------------------------------------------------------------------------
worst slack max 11.75

==========================================================================
finish report_clock_min_period
--------------------------------------------------------------------------

==========================================================================
finish report_clock_skew
--------------------------------------------------------------------------
Clock clk
   1.09 source latency reg_wr_addr[0]$_DFFE_PP_/CLK ^
  -0.98 target latency regfile_inst.registers[633][6]$_DFFE_PP_/CLK ^
   0.00 CRPR
--------------
   0.11 setup skew


==========================================================================
finish report_checks -path_delay min
--------------------------------------------------------------------------
Startpoint: readout_buffer_rst_n$_SDFFE_PP0P_
            (rising edge-triggered flip-flop clocked by clk)
Endpoint: readout_buffer_inst.out_value[0]$_DFFE_PN0P_
          (removal check against rising-edge clock clk)
Path Group: asynchronous
Path Type: min

Fanout     Cap    Slew   Delay    Time   Description
-----------------------------------------------------------------------------
                          0.00    0.00   clock clk (rise edge)
                          0.00    0.00   clock source latency
     1    0.29    0.00    0.00    0.00 ^ clk (in)
                                         clk (net)
                  0.10    0.04    0.04 ^ clkbuf_0_clk/I (gf180mcu_fd_sc_mcu9t5v0__clkbuf_20)
     4    0.43    0.17    0.19    0.23 ^ clkbuf_0_clk/Z (gf180mcu_fd_sc_mcu9t5v0__clkbuf_20)
                                         clknet_0_clk (net)
                  0.18    0.02    0.25 ^ clkbuf_2_2_0_clk/I (gf180mcu_fd_sc_mcu9t5v0__clkbuf_20)
     8    0.71    0.24    0.23    0.48 ^ clkbuf_2_2_0_clk/Z (gf180mcu_fd_sc_mcu9t5v0__clkbuf_20)
                                         clknet_2_2_0_clk (net)
                  0.31    0.07    0.55 ^ clkbuf_5_16_0_clk/I (gf180mcu_fd_sc_mcu9t5v0__clkbuf_20)
    12    0.82    0.30    0.30    0.85 ^ clkbuf_5_16_0_clk/Z (gf180mcu_fd_sc_mcu9t5v0__clkbuf_20)
                                         clknet_5_16_0_clk (net)
                  0.32    0.05    0.89 ^ clkbuf_leaf_233_clk/I (gf180mcu_fd_sc_mcu9t5v0__clkbuf_20)
    31    0.20    0.10    0.19    1.09 ^ clkbuf_leaf_233_clk/Z (gf180mcu_fd_sc_mcu9t5v0__clkbuf_20)
                                         clknet_leaf_233_clk (net)
                  0.10    0.00    1.09 ^ readout_buffer_rst_n$_SDFFE_PP0P_/CLK (gf180mcu_fd_sc_mcu9t5v0__dffq_2)
     9    0.11    0.41    0.56    1.65 ^ readout_buffer_rst_n$_SDFFE_PP0P_/Q (gf180mcu_fd_sc_mcu9t5v0__dffq_2)
                                         readout_buffer_inst.rst_n (net)
                  0.41    0.00    1.65 ^ readout_buffer_inst.out_value[0]$_DFFE_PN0P_/RN (gf180mcu_fd_sc_mcu9t5v0__dffrnq_2)
                                  1.65   data arrival time

                          0.00    0.00   clock clk (rise edge)
                          0.00    0.00   clock source latency
     1    0.29    0.00    0.00    0.00 ^ clk (in)
                                         clk (net)
                  0.10    0.04    0.04 ^ clkbuf_0_clk/I (gf180mcu_fd_sc_mcu9t5v0__clkbuf_20)
     4    0.43    0.17    0.19    0.23 ^ clkbuf_0_clk/Z (gf180mcu_fd_sc_mcu9t5v0__clkbuf_20)
                                         clknet_0_clk (net)
                  0.18    0.02    0.25 ^ clkbuf_2_2_0_clk/I (gf180mcu_fd_sc_mcu9t5v0__clkbuf_20)
     8    0.71    0.24    0.23    0.48 ^ clkbuf_2_2_0_clk/Z (gf180mcu_fd_sc_mcu9t5v0__clkbuf_20)
                                         clknet_2_2_0_clk (net)
                  0.31    0.07    0.55 ^ clkbuf_5_16_0_clk/I (gf180mcu_fd_sc_mcu9t5v0__clkbuf_20)
    12    0.82    0.30    0.30    0.85 ^ clkbuf_5_16_0_clk/Z (gf180mcu_fd_sc_mcu9t5v0__clkbuf_20)
                                         clknet_5_16_0_clk (net)
                  0.32    0.05    0.89 ^ clkbuf_leaf_233_clk/I (gf180mcu_fd_sc_mcu9t5v0__clkbuf_20)
    31    0.20    0.10    0.19    1.09 ^ clkbuf_leaf_233_clk/Z (gf180mcu_fd_sc_mcu9t5v0__clkbuf_20)
                                         clknet_leaf_233_clk (net)
                  0.10    0.01    1.09 ^ readout_buffer_inst.out_value[0]$_DFFE_PN0P_/CLK (gf180mcu_fd_sc_mcu9t5v0__dffrnq_2)
                          0.00    1.09   clock reconvergence pessimism
                          0.29    1.39   library removal time
                                  1.39   data required time
-----------------------------------------------------------------------------
                                  1.39   data required time
                                 -1.65   data arrival time
-----------------------------------------------------------------------------
                                  0.27   slack (MET)


Startpoint: current_pixel_index[7]$_SDFFCE_PP0P_
            (rising edge-triggered flip-flop clocked by clk)
Endpoint: current_pixel_index[7]$_SDFFCE_PP0P_
          (rising edge-triggered flip-flop clocked by clk)
Path Group: clk
Path Type: min

Fanout     Cap    Slew   Delay    Time   Description
-----------------------------------------------------------------------------
                          0.00    0.00   clock clk (rise edge)
                          0.00    0.00   clock source latency
     1    0.29    0.00    0.00    0.00 ^ clk (in)
                                         clk (net)
                  0.10    0.04    0.04 ^ clkbuf_0_clk/I (gf180mcu_fd_sc_mcu9t5v0__clkbuf_20)
     4    0.43    0.17    0.19    0.23 ^ clkbuf_0_clk/Z (gf180mcu_fd_sc_mcu9t5v0__clkbuf_20)
                                         clknet_0_clk (net)
                  0.17    0.02    0.25 ^ clkbuf_2_0_0_clk/I (gf180mcu_fd_sc_mcu9t5v0__clkbuf_20)
     8    0.70    0.24    0.23    0.48 ^ clkbuf_2_0_0_clk/Z (gf180mcu_fd_sc_mcu9t5v0__clkbuf_20)
                                         clknet_2_0_0_clk (net)
                  0.30    0.06    0.54 ^ clkbuf_5_4_0_clk/I (gf180mcu_fd_sc_mcu9t5v0__clkbuf_20)
    12    0.82    0.31    0.30    0.85 ^ clkbuf_5_4_0_clk/Z (gf180mcu_fd_sc_mcu9t5v0__clkbuf_20)
                                         clknet_5_4_0_clk (net)
                  0.31    0.02    0.87 ^ clkbuf_leaf_275_clk/I (gf180mcu_fd_sc_mcu9t5v0__clkbuf_20)
    23    0.24    0.11    0.20    1.07 ^ clkbuf_leaf_275_clk/Z (gf180mcu_fd_sc_mcu9t5v0__clkbuf_20)
                                         clknet_leaf_275_clk (net)
                  0.11    0.00    1.07 ^ current_pixel_index[7]$_SDFFCE_PP0P_/CLK (gf180mcu_fd_sc_mcu9t5v0__dffq_2)
     3    0.04    0.17    0.42    1.50 ^ current_pixel_index[7]$_SDFFCE_PP0P_/Q (gf180mcu_fd_sc_mcu9t5v0__dffq_2)
                                         current_pixel_index[7] (net)
                  0.17    0.00    1.50 ^ _21373_/A1 (gf180mcu_fd_sc_mcu9t5v0__oai31_2)
     1    0.01    0.08    0.06    1.56 v _21373_/ZN (gf180mcu_fd_sc_mcu9t5v0__oai31_2)
                                         _00054_ (net)
                  0.08    0.00    1.56 v current_pixel_index[7]$_SDFFCE_PP0P_/D (gf180mcu_fd_sc_mcu9t5v0__dffq_2)
                                  1.56   data arrival time

                          0.00    0.00   clock clk (rise edge)
                          0.00    0.00   clock source latency
     1    0.29    0.00    0.00    0.00 ^ clk (in)
                                         clk (net)
                  0.10    0.04    0.04 ^ clkbuf_0_clk/I (gf180mcu_fd_sc_mcu9t5v0__clkbuf_20)
     4    0.43    0.17    0.19    0.23 ^ clkbuf_0_clk/Z (gf180mcu_fd_sc_mcu9t5v0__clkbuf_20)
                                         clknet_0_clk (net)
                  0.17    0.02    0.25 ^ clkbuf_2_0_0_clk/I (gf180mcu_fd_sc_mcu9t5v0__clkbuf_20)
     8    0.70    0.24    0.23    0.48 ^ clkbuf_2_0_0_clk/Z (gf180mcu_fd_sc_mcu9t5v0__clkbuf_20)
                                         clknet_2_0_0_clk (net)
                  0.30    0.06    0.54 ^ clkbuf_5_4_0_clk/I (gf180mcu_fd_sc_mcu9t5v0__clkbuf_20)
    12    0.82    0.31    0.30    0.85 ^ clkbuf_5_4_0_clk/Z (gf180mcu_fd_sc_mcu9t5v0__clkbuf_20)
                                         clknet_5_4_0_clk (net)
                  0.31    0.02    0.87 ^ clkbuf_leaf_275_clk/I (gf180mcu_fd_sc_mcu9t5v0__clkbuf_20)
    23    0.24    0.11    0.20    1.07 ^ clkbuf_leaf_275_clk/Z (gf180mcu_fd_sc_mcu9t5v0__clkbuf_20)
                                         clknet_leaf_275_clk (net)
                  0.11    0.00    1.07 ^ current_pixel_index[7]$_SDFFCE_PP0P_/CLK (gf180mcu_fd_sc_mcu9t5v0__dffq_2)
                          0.00    1.07   clock reconvergence pessimism
                          0.09    1.16   library hold time
                                  1.16   data required time
-----------------------------------------------------------------------------
                                  1.16   data required time
                                 -1.56   data arrival time
-----------------------------------------------------------------------------
                                  0.40   slack (MET)



==========================================================================
finish report_checks -path_delay max
--------------------------------------------------------------------------
Startpoint: regfile_rst_n$_SDFFE_PP0P_
            (rising edge-triggered flip-flop clocked by clk)
Endpoint: regfile_inst.out[4]$_DFFE_PN0P_
          (recovery check against rising-edge clock clk)
Path Group: asynchronous
Path Type: max

Fanout     Cap    Slew   Delay    Time   Description
-----------------------------------------------------------------------------
                          0.00    0.00   clock clk (rise edge)
                          0.00    0.00   clock source latency
     1    0.29    0.00    0.00    0.00 ^ clk (in)
                                         clk (net)
                  0.10    0.04    0.04 ^ clkbuf_0_clk/I (gf180mcu_fd_sc_mcu9t5v0__clkbuf_20)
     4    0.43    0.17    0.19    0.23 ^ clkbuf_0_clk/Z (gf180mcu_fd_sc_mcu9t5v0__clkbuf_20)
                                         clknet_0_clk (net)
                  0.18    0.02    0.25 ^ clkbuf_2_2_0_clk/I (gf180mcu_fd_sc_mcu9t5v0__clkbuf_20)
     8    0.71    0.24    0.23    0.48 ^ clkbuf_2_2_0_clk/Z (gf180mcu_fd_sc_mcu9t5v0__clkbuf_20)
                                         clknet_2_2_0_clk (net)
                  0.31    0.07    0.55 ^ clkbuf_5_16_0_clk/I (gf180mcu_fd_sc_mcu9t5v0__clkbuf_20)
    12    0.82    0.30    0.30    0.85 ^ clkbuf_5_16_0_clk/Z (gf180mcu_fd_sc_mcu9t5v0__clkbuf_20)
                                         clknet_5_16_0_clk (net)
                  0.32    0.05    0.89 ^ clkbuf_leaf_234_clk/I (gf180mcu_fd_sc_mcu9t5v0__clkbuf_20)
    31    0.23    0.11    0.20    1.09 ^ clkbuf_leaf_234_clk/Z (gf180mcu_fd_sc_mcu9t5v0__clkbuf_20)
                                         clknet_leaf_234_clk (net)
                  0.11    0.00    1.09 ^ regfile_rst_n$_SDFFE_PP0P_/CLK (gf180mcu_fd_sc_mcu9t5v0__dffq_2)
    12    0.16    0.58    0.66    1.75 ^ regfile_rst_n$_SDFFE_PP0P_/Q (gf180mcu_fd_sc_mcu9t5v0__dffq_2)
                                         regfile_inst.rst_n (net)
                  0.58    0.00    1.76 ^ regfile_inst.out[4]$_DFFE_PN0P_/RN (gf180mcu_fd_sc_mcu9t5v0__dffrnq_2)
                                  1.76   data arrival time

                         20.00   20.00   clock clk (rise edge)
                          0.00   20.00   clock source latency
     1    0.29    0.00    0.00   20.00 ^ clk (in)
                                         clk (net)
                  0.10    0.04   20.04 ^ clkbuf_0_clk/I (gf180mcu_fd_sc_mcu9t5v0__clkbuf_20)
     4    0.43    0.17    0.19   20.23 ^ clkbuf_0_clk/Z (gf180mcu_fd_sc_mcu9t5v0__clkbuf_20)
                                         clknet_0_clk (net)
                  0.18    0.02   20.25 ^ clkbuf_2_2_0_clk/I (gf180mcu_fd_sc_mcu9t5v0__clkbuf_20)
     8    0.71    0.24    0.23   20.48 ^ clkbuf_2_2_0_clk/Z (gf180mcu_fd_sc_mcu9t5v0__clkbuf_20)
                                         clknet_2_2_0_clk (net)
                  0.31    0.07   20.55 ^ clkbuf_5_16_0_clk/I (gf180mcu_fd_sc_mcu9t5v0__clkbuf_20)
    12    0.82    0.30    0.30   20.85 ^ clkbuf_5_16_0_clk/Z (gf180mcu_fd_sc_mcu9t5v0__clkbuf_20)
                                         clknet_5_16_0_clk (net)
                  0.31    0.02   20.87 ^ clkbuf_leaf_232_clk/I (gf180mcu_fd_sc_mcu9t5v0__clkbuf_20)
    26    0.22    0.10    0.19   21.06 ^ clkbuf_leaf_232_clk/Z (gf180mcu_fd_sc_mcu9t5v0__clkbuf_20)
                                         clknet_leaf_232_clk (net)
                  0.10    0.00   21.07 ^ regfile_inst.out[4]$_DFFE_PN0P_/CLK (gf180mcu_fd_sc_mcu9t5v0__dffrnq_2)
                          0.00   21.07   clock reconvergence pessimism
                         -0.03   21.04   library recovery time
                                 21.04   data required time
-----------------------------------------------------------------------------
                                 21.04   data required time
                                 -1.76   data arrival time
-----------------------------------------------------------------------------
                                 19.28   slack (MET)


Startpoint: source_sel (input port clocked by clk)
Endpoint: source_sel_out (output port clocked by clk)
Path Group: clk
Path Type: max

Fanout     Cap    Slew   Delay    Time   Description
-----------------------------------------------------------------------------
                          0.00    0.00   clock clk (rise edge)
                          0.00    0.00   clock network delay (propagated)
                          4.00    4.00 v input external delay
     1    0.03    0.00    0.00    4.00 v source_sel (in)
                                         source_sel (net)
                  0.00    0.00    4.00 v _42411_/I (gf180mcu_fd_sc_mcu9t5v0__buf_2)
     1    0.01    0.05    0.10    4.11 v _42411_/Z (gf180mcu_fd_sc_mcu9t5v0__buf_2)
                                         net35 (net)
                  0.05    0.00    4.11 v output35/I (gf180mcu_fd_sc_mcu9t5v0__buf_2)
     1    0.02    0.07    0.14    4.25 v output35/Z (gf180mcu_fd_sc_mcu9t5v0__buf_2)
                                         source_sel_out (net)
                  0.07    0.00    4.25 v source_sel_out (out)
                                  4.25   data arrival time

                         20.00   20.00   clock clk (rise edge)
                          0.00   20.00   clock network delay (propagated)
                          0.00   20.00   clock reconvergence pessimism
                         -4.00   16.00   output external delay
                                 16.00   data required time
-----------------------------------------------------------------------------
                                 16.00   data required time
                                 -4.25   data arrival time
-----------------------------------------------------------------------------
                                 11.75   slack (MET)



==========================================================================
finish report_checks -unconstrained
--------------------------------------------------------------------------
Startpoint: regfile_rst_n$_SDFFE_PP0P_
            (rising edge-triggered flip-flop clocked by clk)
Endpoint: regfile_inst.out[4]$_DFFE_PN0P_
          (recovery check against rising-edge clock clk)
Path Group: asynchronous
Path Type: max

Fanout     Cap    Slew   Delay    Time   Description
-----------------------------------------------------------------------------
                          0.00    0.00   clock clk (rise edge)
                          0.00    0.00   clock source latency
     1    0.29    0.00    0.00    0.00 ^ clk (in)
                                         clk (net)
                  0.10    0.04    0.04 ^ clkbuf_0_clk/I (gf180mcu_fd_sc_mcu9t5v0__clkbuf_20)
     4    0.43    0.17    0.19    0.23 ^ clkbuf_0_clk/Z (gf180mcu_fd_sc_mcu9t5v0__clkbuf_20)
                                         clknet_0_clk (net)
                  0.18    0.02    0.25 ^ clkbuf_2_2_0_clk/I (gf180mcu_fd_sc_mcu9t5v0__clkbuf_20)
     8    0.71    0.24    0.23    0.48 ^ clkbuf_2_2_0_clk/Z (gf180mcu_fd_sc_mcu9t5v0__clkbuf_20)
                                         clknet_2_2_0_clk (net)
                  0.31    0.07    0.55 ^ clkbuf_5_16_0_clk/I (gf180mcu_fd_sc_mcu9t5v0__clkbuf_20)
    12    0.82    0.30    0.30    0.85 ^ clkbuf_5_16_0_clk/Z (gf180mcu_fd_sc_mcu9t5v0__clkbuf_20)
                                         clknet_5_16_0_clk (net)
                  0.32    0.05    0.89 ^ clkbuf_leaf_234_clk/I (gf180mcu_fd_sc_mcu9t5v0__clkbuf_20)
    31    0.23    0.11    0.20    1.09 ^ clkbuf_leaf_234_clk/Z (gf180mcu_fd_sc_mcu9t5v0__clkbuf_20)
                                         clknet_leaf_234_clk (net)
                  0.11    0.00    1.09 ^ regfile_rst_n$_SDFFE_PP0P_/CLK (gf180mcu_fd_sc_mcu9t5v0__dffq_2)
    12    0.16    0.58    0.66    1.75 ^ regfile_rst_n$_SDFFE_PP0P_/Q (gf180mcu_fd_sc_mcu9t5v0__dffq_2)
                                         regfile_inst.rst_n (net)
                  0.58    0.00    1.76 ^ regfile_inst.out[4]$_DFFE_PN0P_/RN (gf180mcu_fd_sc_mcu9t5v0__dffrnq_2)
                                  1.76   data arrival time

                         20.00   20.00   clock clk (rise edge)
                          0.00   20.00   clock source latency
     1    0.29    0.00    0.00   20.00 ^ clk (in)
                                         clk (net)
                  0.10    0.04   20.04 ^ clkbuf_0_clk/I (gf180mcu_fd_sc_mcu9t5v0__clkbuf_20)
     4    0.43    0.17    0.19   20.23 ^ clkbuf_0_clk/Z (gf180mcu_fd_sc_mcu9t5v0__clkbuf_20)
                                         clknet_0_clk (net)
                  0.18    0.02   20.25 ^ clkbuf_2_2_0_clk/I (gf180mcu_fd_sc_mcu9t5v0__clkbuf_20)
     8    0.71    0.24    0.23   20.48 ^ clkbuf_2_2_0_clk/Z (gf180mcu_fd_sc_mcu9t5v0__clkbuf_20)
                                         clknet_2_2_0_clk (net)
                  0.31    0.07   20.55 ^ clkbuf_5_16_0_clk/I (gf180mcu_fd_sc_mcu9t5v0__clkbuf_20)
    12    0.82    0.30    0.30   20.85 ^ clkbuf_5_16_0_clk/Z (gf180mcu_fd_sc_mcu9t5v0__clkbuf_20)
                                         clknet_5_16_0_clk (net)
                  0.31    0.02   20.87 ^ clkbuf_leaf_232_clk/I (gf180mcu_fd_sc_mcu9t5v0__clkbuf_20)
    26    0.22    0.10    0.19   21.06 ^ clkbuf_leaf_232_clk/Z (gf180mcu_fd_sc_mcu9t5v0__clkbuf_20)
                                         clknet_leaf_232_clk (net)
                  0.10    0.00   21.07 ^ regfile_inst.out[4]$_DFFE_PN0P_/CLK (gf180mcu_fd_sc_mcu9t5v0__dffrnq_2)
                          0.00   21.07   clock reconvergence pessimism
                         -0.03   21.04   library recovery time
                                 21.04   data required time
-----------------------------------------------------------------------------
                                 21.04   data required time
                                 -1.76   data arrival time
-----------------------------------------------------------------------------
                                 19.28   slack (MET)


Startpoint: source_sel (input port clocked by clk)
Endpoint: source_sel_out (output port clocked by clk)
Path Group: clk
Path Type: max

Fanout     Cap    Slew   Delay    Time   Description
-----------------------------------------------------------------------------
                          0.00    0.00   clock clk (rise edge)
                          0.00    0.00   clock network delay (propagated)
                          4.00    4.00 v input external delay
     1    0.03    0.00    0.00    4.00 v source_sel (in)
                                         source_sel (net)
                  0.00    0.00    4.00 v _42411_/I (gf180mcu_fd_sc_mcu9t5v0__buf_2)
     1    0.01    0.05    0.10    4.11 v _42411_/Z (gf180mcu_fd_sc_mcu9t5v0__buf_2)
                                         net35 (net)
                  0.05    0.00    4.11 v output35/I (gf180mcu_fd_sc_mcu9t5v0__buf_2)
     1    0.02    0.07    0.14    4.25 v output35/Z (gf180mcu_fd_sc_mcu9t5v0__buf_2)
                                         source_sel_out (net)
                  0.07    0.00    4.25 v source_sel_out (out)
                                  4.25   data arrival time

                         20.00   20.00   clock clk (rise edge)
                          0.00   20.00   clock network delay (propagated)
                          0.00   20.00   clock reconvergence pessimism
                         -4.00   16.00   output external delay
                                 16.00   data required time
-----------------------------------------------------------------------------
                                 16.00   data required time
                                 -4.25   data arrival time
-----------------------------------------------------------------------------
                                 11.75   slack (MET)



==========================================================================
finish report_check_types -max_slew -max_cap -max_fanout -violators
--------------------------------------------------------------------------
max slew

Pin                                    Limit    Slew   Slack
------------------------------------------------------------
_41591_/I1                              2.80    5.82   -3.02 (VIOLATED)
_37707_/I1                              2.80    5.82   -3.02 (VIOLATED)
_38796_/I1                              2.80    5.82   -3.02 (VIOLATED)
_38525_/I1                              2.80    5.82   -3.02 (VIOLATED)
_39557_/I1                              2.80    5.82   -3.02 (VIOLATED)
_39748_/I1                              2.80    5.82   -3.02 (VIOLATED)
_37491_/I1                              2.80    5.82   -3.02 (VIOLATED)
_39539_/I1                              2.80    5.82   -3.02 (VIOLATED)
_40090_/I1                              2.80    5.82   -3.02 (VIOLATED)
_38805_/I1                              2.80    5.81   -3.01 (VIOLATED)
_40867_/I1                              2.80    5.81   -3.01 (VIOLATED)
_37022_/I1                              2.80    5.81   -3.01 (VIOLATED)
_31677_/I1                              2.80    5.81   -3.01 (VIOLATED)
_36968_/I1                              2.80    5.81   -3.01 (VIOLATED)
_39317_/I1                              2.80    5.81   -3.01 (VIOLATED)
_38194_/I1                              2.80    5.81   -3.01 (VIOLATED)
_40539_/I1                              2.80    5.81   -3.01 (VIOLATED)
_39521_/I0                              2.80    5.81   -3.01 (VIOLATED)
_37500_/I1                              2.80    5.80   -3.00 (VIOLATED)
_39670_/I1                              2.80    5.80   -3.00 (VIOLATED)
_38885_/I1                              2.80    5.80   -3.00 (VIOLATED)
_36905_/I1                              2.80    5.79   -2.99 (VIOLATED)
_39263_/I1                              2.80    5.79   -2.99 (VIOLATED)
_40610_/I1                              2.80    5.78   -2.98 (VIOLATED)
_31702_/I1                              2.80    5.77   -2.97 (VIOLATED)
_37824_/I1                              2.80    5.76   -2.96 (VIOLATED)
_40010_/I1                              2.80    5.76   -2.96 (VIOLATED)
_39406_/I1                              2.80    5.76   -2.96 (VIOLATED)
_38471_/I1                              2.80    5.76   -2.96 (VIOLATED)
_36816_/I1                              2.80    5.76   -2.96 (VIOLATED)
_39810_/I1                              2.80    5.75   -2.95 (VIOLATED)
_40342_/I1                              2.80    5.75   -2.95 (VIOLATED)
_40351_/I1                              2.80    5.75   -2.95 (VIOLATED)
_31618_/I1                              2.80    5.75   -2.95 (VIOLATED)
_41438_/I1                              2.80    5.75   -2.95 (VIOLATED)
_39927_/I1                              2.80    5.75   -2.95 (VIOLATED)
_40189_/I1                              2.80    5.75   -2.95 (VIOLATED)
_39989_/I1                              2.80    5.75   -2.95 (VIOLATED)
_34985_/I1                              2.80    5.75   -2.95 (VIOLATED)
_40288_/I1                              2.80    5.75   -2.95 (VIOLATED)
_41015_/I1                              2.80    5.75   -2.95 (VIOLATED)
_31887_/I1                              2.80    5.75   -2.95 (VIOLATED)
_39083_/I1                              2.80    5.75   -2.95 (VIOLATED)
_31841_/I1                              2.80    5.74   -2.94 (VIOLATED)
_40081_/I1                              2.80    5.74   -2.94 (VIOLATED)
_40198_/I1                              2.80    5.74   -2.94 (VIOLATED)
_31739_/I1                              2.80    5.74   -2.94 (VIOLATED)
_41528_/I1                              2.80    5.74   -2.94 (VIOLATED)
_37195_/I1                              2.80    5.74   -2.94 (VIOLATED)
_37545_/I1                              2.80    5.74   -2.94 (VIOLATED)
_37770_/I1                              2.80    5.74   -2.94 (VIOLATED)
_36955_/I1                              2.80    5.74   -2.94 (VIOLATED)
_37132_/I1                              2.80    5.74   -2.94 (VIOLATED)
_39308_/I1                              2.80    5.74   -2.94 (VIOLATED)
_39476_/I1                              2.80    5.73   -2.93 (VIOLATED)
_41204_/I1                              2.80    5.73   -2.93 (VIOLATED)
_41263_/I1                              2.80    5.73   -2.93 (VIOLATED)
_37340_/I1                              2.80    5.72   -2.92 (VIOLATED)
_40727_/I1                              2.80    5.70   -2.90 (VIOLATED)
_40557_/I1                              2.80    5.69   -2.89 (VIOLATED)
_35965_/I1                              2.80    5.69   -2.89 (VIOLATED)
_39201_/I1                              2.80    5.69   -2.89 (VIOLATED)
_38940_/I1                              2.80    5.69   -2.89 (VIOLATED)
_41151_/I1                              2.80    5.69   -2.89 (VIOLATED)
_40718_/I1                              2.80    5.69   -2.89 (VIOLATED)
_36226_/I1                              2.80    5.69   -2.89 (VIOLATED)
_32596_/I1                              2.80    5.69   -2.89 (VIOLATED)
_34416_/I1                              2.80    5.69   -2.89 (VIOLATED)
_37185_/I1                              2.80    5.69   -2.89 (VIOLATED)
_34514_/I1                              2.80    5.69   -2.89 (VIOLATED)
_33383_/I1                              2.80    5.69   -2.89 (VIOLATED)
_35776_/I1                              2.80    5.69   -2.89 (VIOLATED)
_35794_/I1                              2.80    5.69   -2.89 (VIOLATED)
_38252_/I1                              2.80    5.69   -2.89 (VIOLATED)
_39738_/I1                              2.80    5.69   -2.89 (VIOLATED)
_39150_/I1                              2.80    5.69   -2.89 (VIOLATED)
_38274_/I1                              2.80    5.69   -2.89 (VIOLATED)
_37031_/I1                              2.80    5.69   -2.89 (VIOLATED)
_35866_/I1                              2.80    5.69   -2.89 (VIOLATED)
_38579_/I1                              2.80    5.69   -2.89 (VIOLATED)
_32697_/I1                              2.80    5.69   -2.89 (VIOLATED)
_32687_/I1                              2.80    5.69   -2.89 (VIOLATED)
_32408_/I1                              2.80    5.69   -2.89 (VIOLATED)
_39137_/I1                              2.80    5.68   -2.88 (VIOLATED)
_31855_/I1                              2.80    5.68   -2.88 (VIOLATED)
_41362_/I1                              2.80    5.68   -2.88 (VIOLATED)
_41461_/I1                              2.80    5.68   -2.88 (VIOLATED)
_36693_/I0                              2.80    5.68   -2.88 (VIOLATED)
_41448_/I1                              2.80    5.68   -2.88 (VIOLATED)
_42049_/I1                              2.80    5.68   -2.88 (VIOLATED)
_40808_/I1                              2.80    5.68   -2.88 (VIOLATED)
_38428_/I1                              2.80    5.68   -2.88 (VIOLATED)
_38454_/I1                              2.80    5.68   -2.88 (VIOLATED)
_38351_/I1                              2.80    5.68   -2.88 (VIOLATED)
_37284_/I1                              2.80    5.68   -2.88 (VIOLATED)
_37077_/I1                              2.80    5.68   -2.88 (VIOLATED)
_40423_/I1                              2.80    5.67   -2.87 (VIOLATED)
_33195_/I1                              2.80    5.67   -2.87 (VIOLATED)
_35956_/I1                              2.80    5.66   -2.86 (VIOLATED)
_40441_/I1                              2.80    5.66   -2.86 (VIOLATED)
_41636_/I1                              2.80    5.66   -2.86 (VIOLATED)
_33563_/I1                              2.80    5.66   -2.86 (VIOLATED)
_39936_/I1                              2.80    5.66   -2.86 (VIOLATED)
_36054_/I1                              2.80    5.65   -2.85 (VIOLATED)
_36762_/I1                              2.80    5.65   -2.85 (VIOLATED)
_41537_/I1                              2.80    5.65   -2.85 (VIOLATED)
_39029_/I1                              2.80    5.65   -2.85 (VIOLATED)
_40619_/I1                              2.80    5.65   -2.85 (VIOLATED)
_38480_/I1                              2.80    5.65   -2.85 (VIOLATED)
_37968_/I1                              2.80    5.65   -2.85 (VIOLATED)
_40278_/I1                              2.80    5.65   -2.85 (VIOLATED)
_38876_/I1                              2.80    5.64   -2.84 (VIOLATED)
_38031_/I1                              2.80    5.64   -2.84 (VIOLATED)
_40094_/I1                              2.80    5.63   -2.83 (VIOLATED)
_40821_/I1                              2.80    5.63   -2.83 (VIOLATED)
_38026_/I1                              2.80    5.63   -2.83 (VIOLATED)
_39525_/I0                              2.80    5.63   -2.83 (VIOLATED)
_38475_/I1                              2.80    5.63   -2.83 (VIOLATED)
_31849_/I1                              2.80    5.63   -2.83 (VIOLATED)
_39087_/I1                              2.80    5.63   -2.83 (VIOLATED)
_38359_/I1                              2.80    5.63   -2.83 (VIOLATED)
_42044_/I1                              2.80    5.63   -2.83 (VIOLATED)
_37774_/I1                              2.80    5.63   -2.83 (VIOLATED)
_41595_/I1                              2.80    5.62   -2.82 (VIOLATED)
_40202_/I1                              2.80    5.62   -2.82 (VIOLATED)
_36697_/I0                              2.80    5.62   -2.82 (VIOLATED)
_41452_/I1                              2.80    5.61   -2.81 (VIOLATED)
_38944_/I1                              2.80    5.61   -2.81 (VIOLATED)
_40543_/I1                              2.80    5.61   -2.81 (VIOLATED)
_37972_/I1                              2.80    5.61   -2.81 (VIOLATED)
_40193_/I1                              2.80    5.61   -2.81 (VIOLATED)
_38400_/I1                              2.80    5.61   -2.81 (VIOLATED)
_41072_/I1                              2.80    5.61   -2.81 (VIOLATED)
_41271_/I1                              2.80    5.60   -2.80 (VIOLATED)
_40731_/I1                              2.80    5.60   -2.80 (VIOLATED)
_38727_/I1                              2.80    5.60   -2.80 (VIOLATED)
_39678_/I1                              2.80    5.60   -2.80 (VIOLATED)
_39648_/I1                              2.80    5.60   -2.80 (VIOLATED)
_38889_/I1                              2.80    5.60   -2.80 (VIOLATED)
_37549_/I1                              2.80    5.59   -2.79 (VIOLATED)
_41442_/I1                              2.80    5.59   -2.79 (VIOLATED)
_39543_/I1                              2.80    5.59   -2.79 (VIOLATED)
_38997_/I1                              2.80    5.58   -2.78 (VIOLATED)
_37936_/I1                              2.80    5.58   -2.78 (VIOLATED)
_36873_/I0                              2.80    5.58   -2.78 (VIOLATED)
_39033_/I1                              2.80    5.58   -2.78 (VIOLATED)
_38520_/I1                              2.80    5.57   -2.77 (VIOLATED)
_38207_/I1                              2.80    5.57   -2.77 (VIOLATED)
_33294_/I1                              2.80    5.56   -2.76 (VIOLATED)
_39312_/I1                              2.80    5.56   -2.76 (VIOLATED)
_31743_/I1                              2.80    5.56   -2.76 (VIOLATED)
_39940_/I1                              2.80    5.56   -2.76 (VIOLATED)
_36766_/I1                              2.80    5.56   -2.76 (VIOLATED)
_42053_/I1                              2.80    5.55   -2.75 (VIOLATED)
_33276_/I1                              2.80    5.55   -2.75 (VIOLATED)
_40427_/I1                              2.80    5.55   -2.75 (VIOLATED)
_38466_/I1                              2.80    5.53   -2.73 (VIOLATED)
_38432_/I1                              2.80    5.52   -2.72 (VIOLATED)
_41878_/I1                              2.80    5.52   -2.72 (VIOLATED)
_32416_/I1                              2.80    5.51   -2.71 (VIOLATED)
_37420_/I1                              2.80    5.51   -2.71 (VIOLATED)
_37636_/I1                              2.80    5.50   -2.70 (VIOLATED)
_38203_/I1                              2.80    5.50   -2.70 (VIOLATED)
_32395_/I1                              2.80    5.50   -2.70 (VIOLATED)
_40552_/I1                              2.80    5.50   -2.70 (VIOLATED)
_38818_/I1                              2.80    5.49   -2.69 (VIOLATED)
_35079_/I1                              2.80    5.49   -2.69 (VIOLATED)
_41289_/I1                              2.80    5.49   -2.69 (VIOLATED)
_40839_/I1                              2.80    5.49   -2.69 (VIOLATED)
_32211_/I1                              2.80    5.49   -2.69 (VIOLATED)
_31859_/I1                              2.80    5.49   -2.69 (VIOLATED)
_36239_/I1                              2.80    5.49   -2.69 (VIOLATED)
_36221_/I1                              2.80    5.49   -2.69 (VIOLATED)
_40085_/I1                              2.80    5.49   -2.69 (VIOLATED)
_37882_/I1                              2.80    5.49   -2.69 (VIOLATED)
_41783_/I1                              2.80    5.49   -2.69 (VIOLATED)
_40014_/I1                              2.80    5.48   -2.68 (VIOLATED)
_41891_/I1                              2.80    5.48   -2.68 (VIOLATED)
_39993_/I1                              2.80    5.48   -2.68 (VIOLATED)
_41900_/I1                              2.80    5.48   -2.68 (VIOLATED)
_35780_/I1                              2.80    5.48   -2.68 (VIOLATED)
_39397_/I1                              2.80    5.48   -2.68 (VIOLATED)
_35798_/I1                              2.80    5.48   -2.68 (VIOLATED)
_39814_/I1                              2.80    5.48   -2.68 (VIOLATED)
_40875_/I1                              2.80    5.48   -2.68 (VIOLATED)
_38583_/I1                              2.80    5.48   -2.68 (VIOLATED)
_38216_/I1                              2.80    5.47   -2.67 (VIOLATED)
_41019_/I1                              2.80    5.47   -2.67 (VIOLATED)
_36820_/I1                              2.80    5.47   -2.67 (VIOLATED)
_33749_/I1                              2.80    5.47   -2.67 (VIOLATED)
_38008_/I1                              2.80    5.47   -2.67 (VIOLATED)
_39652_/I1                              2.80    5.47   -2.67 (VIOLATED)
_39489_/I1                              2.80    5.47   -2.67 (VIOLATED)
_39498_/I1                              2.80    5.47   -2.67 (VIOLATED)
_38880_/I1                              2.80    5.47   -2.67 (VIOLATED)
_37640_/I1                              2.80    5.47   -2.67 (VIOLATED)
_41379_/I1                              2.80    5.47   -2.67 (VIOLATED)
_35340_/I1                              2.80    5.47   -2.67 (VIOLATED)
_37828_/I1                              2.80    5.47   -2.67 (VIOLATED)
_35232_/I1                              2.80    5.47   -2.67 (VIOLATED)
_38516_/I1                              2.80    5.47   -2.67 (VIOLATED)
_32294_/I1                              2.80    5.47   -2.67 (VIOLATED)
_38089_/I1                              2.80    5.47   -2.67 (VIOLATED)
_39321_/I1                              2.80    5.47   -2.67 (VIOLATED)
_37999_/I1                              2.80    5.47   -2.67 (VIOLATED)
_38970_/I1                              2.80    5.47   -2.67 (VIOLATED)
_38404_/I1                              2.80    5.47   -2.67 (VIOLATED)
_31622_/I1                              2.80    5.47   -2.67 (VIOLATED)
_41541_/I1                              2.80    5.47   -2.67 (VIOLATED)
_37730_/I1                              2.80    5.47   -2.67 (VIOLATED)
_37504_/I1                              2.80    5.47   -2.67 (VIOLATED)
_35528_/I1                              2.80    5.46   -2.66 (VIOLATED)
_37388_/I1                              2.80    5.46   -2.66 (VIOLATED)
_37379_/I1                              2.80    5.46   -2.66 (VIOLATED)
_39069_/I1                              2.80    5.46   -2.66 (VIOLATED)
_40372_/I1                              2.80    5.46   -2.66 (VIOLATED)
_40041_/I1                              2.80    5.46   -2.66 (VIOLATED)
_39339_/I1                              2.80    5.46   -2.66 (VIOLATED)
_41081_/I1                              2.80    5.46   -2.66 (VIOLATED)
_37026_/I1                              2.80    5.46   -2.66 (VIOLATED)
_36855_/I1                              2.80    5.45   -2.65 (VIOLATED)
_39507_/I1                              2.80    5.45   -2.65 (VIOLATED)
_36058_/I1                              2.80    5.45   -2.65 (VIOLATED)
_31681_/I1                              2.80    5.45   -2.65 (VIOLATED)
_37900_/I1                              2.80    5.45   -2.65 (VIOLATED)
_41788_/I1                              2.80    5.45   -2.65 (VIOLATED)
_41631_/I1                              2.80    5.45   -2.65 (VIOLATED)
_33397_/I1                              2.80    5.45   -2.65 (VIOLATED)
_40346_/I1                              2.80    5.45   -2.65 (VIOLATED)
_41622_/I1                              2.80    5.45   -2.65 (VIOLATED)
_38809_/I1                              2.80    5.45   -2.65 (VIOLATED)
_40282_/I1                              2.80    5.45   -2.65 (VIOLATED)
_34107_/I1                              2.80    5.45   -2.65 (VIOLATED)
_40893_/I1                              2.80    5.45   -2.65 (VIOLATED)
_39823_/I1                              2.80    5.45   -2.65 (VIOLATED)
_37711_/I1                              2.80    5.44   -2.64 (VIOLATED)
_40355_/I1                              2.80    5.44   -2.64 (VIOLATED)
_41370_/I1                              2.80    5.44   -2.64 (VIOLATED)
_36049_/I1                              2.80    5.44   -2.64 (VIOLATED)
_41429_/I1                              2.80    5.43   -2.63 (VIOLATED)
_41128_/I1                              2.80    5.43   -2.63 (VIOLATED)
_40929_/I1                              2.80    5.43   -2.63 (VIOLATED)
_38179_/I1                              2.80    5.43   -2.63 (VIOLATED)
_41990_/I1                              2.80    5.43   -2.63 (VIOLATED)
_40722_/I1                              2.80    5.42   -2.62 (VIOLATED)
_37035_/I1                              2.80    5.42   -2.62 (VIOLATED)
_38979_/I1                              2.80    5.42   -2.62 (VIOLATED)
_38269_/I1                              2.80    5.42   -2.62 (VIOLATED)
_41640_/I1                              2.80    5.41   -2.61 (VIOLATED)
_32980_/I1                              2.80    5.41   -2.61 (VIOLATED)
_41119_/I1                              2.80    5.41   -2.61 (VIOLATED)
_40614_/I1                              2.80    5.40   -2.60 (VIOLATED)
_37873_/I1                              2.80    5.40   -2.60 (VIOLATED)
_41276_/I1                              2.80    5.40   -2.60 (VIOLATED)
_37622_/I1                              2.80    5.39   -2.59 (VIOLATED)
_34285_/I1                              2.80    5.39   -2.59 (VIOLATED)
_41010_/I1                              2.80    5.39   -2.59 (VIOLATED)
_37208_/I1                              2.80    5.39   -2.59 (VIOLATED)
_41810_/I1                              2.80    5.39   -2.59 (VIOLATED)
_39661_/I1                              2.80    5.39   -2.59 (VIOLATED)
_39696_/I1                              2.80    5.39   -2.59 (VIOLATED)
_41469_/I1                              2.80    5.39   -2.59 (VIOLATED)
_33000_/I1                              2.80    5.39   -2.59 (VIOLATED)
_34420_/I1                              2.80    5.39   -2.59 (VIOLATED)
_36230_/I1                              2.80    5.39   -2.59 (VIOLATED)
_35627_/I1                              2.80    5.39   -2.59 (VIOLATED)
_36149_/I1                              2.80    5.39   -2.59 (VIOLATED)
_34518_/I1                              2.80    5.39   -2.59 (VIOLATED)
_40587_/I1                              2.80    5.38   -2.58 (VIOLATED)
_40229_/I1                              2.80    5.38   -2.58 (VIOLATED)
_33081_/I1                              2.80    5.38   -2.58 (VIOLATED)
_32691_/I1                              2.80    5.38   -2.58 (VIOLATED)
_32491_/I1                              2.80    5.38   -2.58 (VIOLATED)
_37878_/I1                              2.80    5.38   -2.58 (VIOLATED)
_40817_/I1                              2.80    5.38   -2.58 (VIOLATED)
_34015_/I1                              2.80    5.38   -2.58 (VIOLATED)
_39158_/I1                              2.80    5.38   -2.58 (VIOLATED)
_34796_/I1                              2.80    5.38   -2.58 (VIOLATED)
_39860_/I1                              2.80    5.37   -2.57 (VIOLATED)
_37495_/I1                              2.80    5.37   -2.57 (VIOLATED)
_41856_/I1                              2.80    5.37   -2.57 (VIOLATED)
_33567_/I1                              2.80    5.37   -2.57 (VIOLATED)
_41280_/I1                              2.80    5.37   -2.57 (VIOLATED)
_38278_/I1                              2.80    5.37   -2.57 (VIOLATED)
_36909_/I1                              2.80    5.36   -2.56 (VIOLATED)
_41936_/I1                              2.80    5.36   -2.56 (VIOLATED)
_41927_/I1                              2.80    5.36   -2.56 (VIOLATED)
_35250_/I1                              2.80    5.35   -2.55 (VIOLATED)
_39267_/I1                              2.80    5.35   -2.55 (VIOLATED)
_35259_/I1                              2.80    5.34   -2.54 (VIOLATED)
_40623_/I1                              2.80    5.34   -2.54 (VIOLATED)
_38484_/I1                              2.80    5.33   -2.53 (VIOLATED)
_34430_/I1                              2.80    5.33   -2.53 (VIOLATED)
_39163_/I1                              2.80    5.32   -2.52 (VIOLATED)
_41779_/I1                              2.80    5.32   -2.52 (VIOLATED)
_37757_/I1                              2.80    5.32   -2.52 (VIOLATED)
_38140_/I1                              2.80    5.32   -2.52 (VIOLATED)
_38678_/I1                              2.80    5.32   -2.52 (VIOLATED)
_37393_/I1                              2.80    5.32   -2.52 (VIOLATED)
_39819_/I1                              2.80    5.32   -2.52 (VIOLATED)
_40889_/I1                              2.80    5.32   -2.52 (VIOLATED)
_31706_/I1                              2.80    5.32   -2.52 (VIOLATED)
_41006_/I1                              2.80    5.32   -2.52 (VIOLATED)
_41519_/I1                              2.80    5.32   -2.52 (VIOLATED)
_35520_/I1                              2.80    5.32   -2.52 (VIOLATED)
_41923_/I1                              2.80    5.31   -2.51 (VIOLATED)
_38230_/I1                              2.80    5.31   -2.51 (VIOLATED)
_38022_/I1                              2.80    5.31   -2.51 (VIOLATED)
_38085_/I1                              2.80    5.31   -2.51 (VIOLATED)
_37136_/I1                              2.80    5.31   -2.51 (VIOLATED)
_37424_/I1                              2.80    5.31   -2.51 (VIOLATED)
_39561_/I1                              2.80    5.31   -2.51 (VIOLATED)
_31891_/I1                              2.80    5.31   -2.51 (VIOLATED)
_41864_/I1                              2.80    5.31   -2.51 (VIOLATED)
_38320_/I1                              2.80    5.30   -2.50 (VIOLATED)
_37618_/I1                              2.80    5.30   -2.50 (VIOLATED)
_38498_/I1                              2.80    5.30   -2.50 (VIOLATED)
_39571_/I1                              2.80    5.30   -2.50 (VIOLATED)
_38324_/I1                              2.80    5.30   -2.50 (VIOLATED)
_41164_/I1                              2.80    5.30   -2.50 (VIOLATED)
_36986_/I1                              2.80    5.29   -2.49 (VIOLATED)
_31750_/I1                              2.80    5.29   -2.49 (VIOLATED)
_38656_/I1                              2.80    5.29   -2.49 (VIOLATED)
_38153_/I1                              2.80    5.29   -2.49 (VIOLATED)
_38419_/I1                              2.80    5.29   -2.49 (VIOLATED)
_37905_/I1                              2.80    5.29   -2.49 (VIOLATED)
_36834_/I1                              2.80    5.29   -2.49 (VIOLATED)
_37366_/I1                              2.80    5.29   -2.49 (VIOLATED)
_37716_/I1                              2.80    5.29   -2.49 (VIOLATED)
_41232_/I1                              2.80    5.29   -2.49 (VIOLATED)
_40898_/I1                              2.80    5.29   -2.49 (VIOLATED)
_37154_/I1                              2.80    5.29   -2.49 (VIOLATED)
_40965_/I1                              2.80    5.29   -2.49 (VIOLATED)
_40907_/I1                              2.80    5.29   -2.49 (VIOLATED)
_37765_/I1                              2.80    5.29   -2.49 (VIOLATED)
_41523_/I1                              2.80    5.29   -2.49 (VIOLATED)
_37397_/I1                              2.80    5.29   -2.49 (VIOLATED)
_40292_/I1                              2.80    5.29   -2.49 (VIOLATED)
_41208_/I1                              2.80    5.29   -2.49 (VIOLATED)
_39241_/I1                              2.80    5.29   -2.49 (VIOLATED)
_41099_/I1                              2.80    5.29   -2.49 (VIOLATED)
_37476_/I1                              2.80    5.28   -2.48 (VIOLATED)
_32201_/I1                              2.80    5.28   -2.48 (VIOLATED)
_39931_/I1                              2.80    5.28   -2.48 (VIOLATED)
_39051_/I1                              2.80    5.28   -2.48 (VIOLATED)
_37189_/I1                              2.80    5.28   -2.48 (VIOLATED)
_41792_/I1                              2.80    5.28   -2.48 (VIOLATED)
_38144_/I1                              2.80    5.28   -2.48 (VIOLATED)
_39410_/I1                              2.80    5.28   -2.48 (VIOLATED)
_38682_/I1                              2.80    5.28   -2.48 (VIOLATED)
_39205_/I1                              2.80    5.28   -2.48 (VIOLATED)
_38035_/I1                              2.80    5.28   -2.48 (VIOLATED)
_41932_/I1                              2.80    5.27   -2.47 (VIOLATED)
_39606_/I1                              2.80    5.27   -2.47 (VIOLATED)
_38867_/I1                              2.80    5.26   -2.46 (VIOLATED)
_38529_/I1                              2.80    5.26   -2.46 (VIOLATED)
_39471_/I1                              2.80    5.25   -2.45 (VIOLATED)
_41882_/I1                              2.80    5.25   -2.45 (VIOLATED)
_40704_/I1                              2.80    5.24   -2.44 (VIOLATED)
_41334_/I1                              2.80    5.24   -2.44 (VIOLATED)
_41388_/I1                              2.80    5.24   -2.44 (VIOLATED)
_41684_/I1                              2.80    5.24   -2.44 (VIOLATED)
_41675_/I1                              2.80    5.24   -2.44 (VIOLATED)
_37513_/I1                              2.80    5.24   -2.44 (VIOLATED)
_37522_/I1                              2.80    5.24   -2.44 (VIOLATED)
_39752_/I1                              2.80    5.24   -2.44 (VIOLATED)
_37344_/I1                              2.80    5.24   -2.44 (VIOLATED)
_39480_/I1                              2.80    5.24   -2.44 (VIOLATED)
_39742_/I1                              2.80    5.23   -2.43 (VIOLATED)
_40812_/I1                              2.80    5.23   -2.43 (VIOLATED)
_41847_/I1                              2.80    5.23   -2.43 (VIOLATED)
_38502_/I1                              2.80    5.23   -2.43 (VIOLATED)
_38234_/I1                              2.80    5.23   -2.43 (VIOLATED)
_37361_/I1                              2.80    5.23   -2.43 (VIOLATED)
_37171_/I1                              2.80    5.23   -2.43 (VIOLATED)
_38845_/I1                              2.80    5.23   -2.43 (VIOLATED)
_39913_/I1                              2.80    5.23   -2.43 (VIOLATED)
_36963_/I1                              2.80    5.23   -2.43 (VIOLATED)
_36972_/I1                              2.80    5.23   -2.43 (VIOLATED)
_41774_/I1                              2.80    5.23   -2.43 (VIOLATED)
_31646_/I1                              2.80    5.22   -2.42 (VIOLATED)
_36829_/I1                              2.80    5.22   -2.42 (VIOLATED)
_37963_/I1                              2.80    5.22   -2.42 (VIOLATED)
_40978_/I1                              2.80    5.22   -2.42 (VIOLATED)
_40184_/I1                              2.80    5.21   -2.41 (VIOLATED)
_40445_/I1                              2.80    5.21   -2.41 (VIOLATED)
_39634_/I1                              2.80    5.21   -2.41 (VIOLATED)
_37613_/I1                              2.80    5.21   -2.41 (VIOLATED)
_41236_/I1                              2.80    5.21   -2.41 (VIOLATED)
_40256_/I1                              2.80    5.21   -2.41 (VIOLATED)
_41837_/I1                              2.80    5.21   -2.41 (VIOLATED)
_41406_/I1                              2.80    5.21   -2.41 (VIOLATED)
_36981_/I1                              2.80    5.21   -2.41 (VIOLATED)
_41172_/I1                              2.80    5.21   -2.41 (VIOLATED)
_38305_/I1                              2.80    5.21   -2.41 (VIOLATED)
_39733_/I1                              2.80    5.21   -2.41 (VIOLATED)
_42026_/I1                              2.80    5.21   -2.41 (VIOLATED)
_37909_/I1                              2.80    5.21   -2.41 (VIOLATED)
_37603_/I1                              2.80    5.21   -2.41 (VIOLATED)
_38961_/I1                              2.80    5.21   -2.41 (VIOLATED)
_31754_/I1                              2.80    5.21   -2.41 (VIOLATED)
_41415_/I1                              2.80    5.21   -2.41 (VIOLATED)
_39374_/I1                              2.80    5.21   -2.41 (VIOLATED)
_40273_/I1                              2.80    5.21   -2.41 (VIOLATED)
_38493_/I1                              2.80    5.21   -2.41 (VIOLATED)
_39724_/I1                              2.80    5.21   -2.41 (VIOLATED)
_38044_/I1                              2.80    5.21   -2.41 (VIOLATED)
_40175_/I1                              2.80    5.21   -2.41 (VIOLATED)
_31634_/I1                              2.80    5.20   -2.40 (VIOLATED)
_41505_/I1                              2.80    5.20   -2.40 (VIOLATED)
_40803_/I1                              2.80    5.20   -2.40 (VIOLATED)
_39485_/I1                              2.80    5.20   -2.40 (VIOLATED)
_37261_/I1                              2.80    5.20   -2.40 (VIOLATED)
_40973_/I1                              2.80    5.20   -2.40 (VIOLATED)
_37891_/I1                              2.80    5.20   -2.40 (VIOLATED)
_40911_/I1                              2.80    5.20   -2.40 (VIOLATED)
_40479_/I1                              2.80    5.20   -2.40 (VIOLATED)
_41155_/I1                              2.80    5.20   -2.40 (VIOLATED)
_35160_/I1                              2.80    5.20   -2.40 (VIOLATED)
_36727_/I1                              2.80    5.20   -2.40 (VIOLATED)
_41245_/I1                              2.80    5.20   -2.40 (VIOLATED)
_40381_/I1                              2.80    5.20   -2.40 (VIOLATED)
_38601_/I1                              2.80    5.20   -2.40 (VIOLATED)
_37244_/I1                              2.80    5.20   -2.40 (VIOLATED)
_31819_/I1                              2.80    5.19   -2.39 (VIOLATED)
_41411_/I1                              2.80    5.19   -2.39 (VIOLATED)
_39841_/I1                              2.80    5.19   -2.39 (VIOLATED)
_39042_/I1                              2.80    5.19   -2.39 (VIOLATED)
_41496_/I1                              2.80    5.19   -2.39 (VIOLATED)
_39294_/I1                              2.80    5.19   -2.39 (VIOLATED)
_36718_/I1                              2.80    5.19   -2.39 (VIOLATED)
_40794_/I1                              2.80    5.19   -2.39 (VIOLATED)
_42017_/I1                              2.80    5.19   -2.39 (VIOLATED)
_37100_/I1                              2.80    5.19   -2.39 (VIOLATED)
_41532_/I1                              2.80    5.18   -2.38 (VIOLATED)
_37288_/I1                              2.80    5.18   -2.38 (VIOLATED)
_33658_/I1                              2.80    5.18   -2.38 (VIOLATED)
_35331_/I1                              2.80    5.18   -2.38 (VIOLATED)
_40830_/I1                              2.80    5.18   -2.38 (VIOLATED)
_38511_/I1                              2.80    5.18   -2.38 (VIOLATED)
_37783_/I1                              2.80    5.18   -2.38 (VIOLATED)
_38098_/I1                              2.80    5.18   -2.38 (VIOLATED)
_38709_/I1                              2.80    5.18   -2.38 (VIOLATED)
_33280_/I1                              2.80    5.18   -2.38 (VIOLATED)
_38170_/I1                              2.80    5.18   -2.38 (VIOLATED)
_38762_/I1                              2.80    5.18   -2.38 (VIOLATED)
_34648_/I1                              2.80    5.18   -2.38 (VIOLATED)
_34411_/I1                              2.80    5.18   -2.38 (VIOLATED)
_33790_/I1                              2.80    5.18   -2.38 (VIOLATED)
_35654_/I1                              2.80    5.18   -2.38 (VIOLATED)
_37442_/I1                              2.80    5.18   -2.38 (VIOLATED)
_35923_/I1                              2.80    5.18   -2.38 (VIOLATED)
_34356_/I1                              2.80    5.18   -2.38 (VIOLATED)
_41981_/I1                              2.80    5.18   -2.38 (VIOLATED)
_38781_/I1                              2.80    5.18   -2.38 (VIOLATED)
_33474_/I1                              2.80    5.18   -2.38 (VIOLATED)
_41190_/I1                              2.80    5.18   -2.38 (VIOLATED)
_33631_/I1                              2.80    5.18   -2.38 (VIOLATED)
_40991_/I1                              2.80    5.18   -2.38 (VIOLATED)
_33846_/I1                              2.80    5.18   -2.38 (VIOLATED)
_32145_/I1                              2.80    5.18   -2.38 (VIOLATED)
_31831_/I1                              2.80    5.18   -2.38 (VIOLATED)
_37109_/I1                              2.80    5.18   -2.38 (VIOLATED)
_35196_/I1                              2.80    5.18   -2.38 (VIOLATED)
_38061_/I1                              2.80    5.18   -2.38 (VIOLATED)
_40130_/I1                              2.80    5.18   -2.38 (VIOLATED)
_33141_/I1                              2.80    5.18   -2.38 (VIOLATED)
_34989_/I1                              2.80    5.18   -2.38 (VIOLATED)
_33387_/I1                              2.80    5.18   -2.38 (VIOLATED)
_40561_/I1                              2.80    5.18   -2.38 (VIOLATED)
_34568_/I1                              2.80    5.18   -2.38 (VIOLATED)
_40651_/I1                              2.80    5.18   -2.38 (VIOLATED)
_36022_/I1                              2.80    5.18   -2.38 (VIOLATED)
_36140_/I1                              2.80    5.17   -2.37 (VIOLATED)
_41801_/I1                              2.80    5.17   -2.37 (VIOLATED)
_35070_/I1                              2.80    5.17   -2.37 (VIOLATED)
_31959_/I1                              2.80    5.17   -2.37 (VIOLATED)
_36463_/I1                              2.80    5.17   -2.37 (VIOLATED)
_38395_/I1                              2.80    5.17   -2.37 (VIOLATED)
_38935_/I1                              2.80    5.17   -2.37 (VIOLATED)
_34951_/I1                              2.80    5.17   -2.37 (VIOLATED)
_37684_/I1                              2.80    5.17   -2.37 (VIOLATED)
_35870_/I1                              2.80    5.16   -2.36 (VIOLATED)
_39949_/I1                              2.80    5.16   -2.36 (VIOLATED)
_38413_/I1                              2.80    5.16   -2.36 (VIOLATED)
_34884_/I1                              2.80    5.16   -2.36 (VIOLATED)
_32791_/I1                              2.80    5.16   -2.36 (VIOLATED)
_41433_/I1                              2.80    5.16   -2.36 (VIOLATED)
_31668_/I1                              2.80    5.16   -2.36 (VIOLATED)
_39383_/I1                              2.80    5.16   -2.36 (VIOLATED)
_35493_/I1                              2.80    5.16   -2.36 (VIOLATED)
_34715_/I1                              2.80    5.16   -2.36 (VIOLATED)
_36670_/I1                              2.80    5.16   -2.36 (VIOLATED)
_34508_/I1                              2.80    5.14   -2.34 (VIOLATED)
_38315_/I1                              2.80    5.13   -2.33 (VIOLATED)
_41748_/I1                              2.80    5.13   -2.33 (VIOLATED)
_40952_/I1                              2.80    5.13   -2.33 (VIOLATED)
_35386_/I1                              2.80    5.13   -2.33 (VIOLATED)
_39214_/I1                              2.80    5.13   -2.33 (VIOLATED)
_40488_/I1                              2.80    5.13   -2.33 (VIOLATED)
_41330_/I1                              2.80    5.11   -2.31 (VIOLATED)
_37199_/I1                              2.80    5.11   -2.31 (VIOLATED)
_37801_/I1                              2.80    5.10   -2.30 (VIOLATED)
_37081_/I1                              2.80    5.10   -2.30 (VIOLATED)
_31870_/I1                              2.80    5.09   -2.29 (VIOLATED)
_38161_/I1                              2.80    5.09   -2.29 (VIOLATED)
_36918_/I1                              2.80    5.09   -2.29 (VIOLATED)
_39024_/I1                              2.80    5.09   -2.29 (VIOLATED)
_38988_/I1                              2.80    5.09   -2.29 (VIOLATED)
_39401_/I1                              2.80    5.09   -2.29 (VIOLATED)
_38800_/I1                              2.80    5.08   -2.28 (VIOLATED)
_40139_/I1                              2.80    5.08   -2.28 (VIOLATED)
_40154_/I1                              2.80    5.08   -2.28 (VIOLATED)
_31786_/I1                              2.80    5.06   -2.26 (VIOLATED)
_41712_/I1                              2.80    5.05   -2.25 (VIOLATED)
_32853_/I1                              2.80    5.05   -2.25 (VIOLATED)
_32550_/I1                              2.80    5.05   -2.25 (VIOLATED)
_33951_/I1                              2.80    5.04   -2.24 (VIOLATED)
_31775_/I1                              2.80    5.04   -2.24 (VIOLATED)
_42014_/I1                              2.80    5.04   -2.24 (VIOLATED)
_40953_/I1                              2.80    5.04   -2.24 (VIOLATED)
_40791_/I1                              2.80    5.04   -2.24 (VIOLATED)
_37600_/I1                              2.80    5.04   -2.24 (VIOLATED)
_41384_/I1                              2.80    5.04   -2.24 (VIOLATED)
_41492_/I1                              2.80    5.04   -2.24 (VIOLATED)
_41834_/I1                              2.80    5.04   -2.24 (VIOLATED)
_38312_/I1                              2.80    5.04   -2.24 (VIOLATED)
_40967_/I1                              2.80    5.04   -2.24 (VIOLATED)
_40253_/I1                              2.80    5.04   -2.24 (VIOLATED)
_39371_/I1                              2.80    5.04   -2.24 (VIOLATED)
_38302_/I1                              2.80    5.03   -2.23 (VIOLATED)
_37241_/I1                              2.80    5.03   -2.23 (VIOLATED)
_36715_/I1                              2.80    5.03   -2.23 (VIOLATED)
_40310_/I1                              2.80    5.03   -2.23 (VIOLATED)
_32000_/I1                              2.80    5.03   -2.23 (VIOLATED)
_40800_/I1                              2.80    5.03   -2.23 (VIOLATED)
_38856_/I1                              2.80    5.03   -2.23 (VIOLATED)
_38679_/I1                              2.80    5.02   -2.22 (VIOLATED)
_39380_/I1                              2.80    5.02   -2.22 (VIOLATED)
_36724_/I1                              2.80    5.02   -2.22 (VIOLATED)
_37127_/I1                              2.80    5.02   -2.22 (VIOLATED)
_40620_/I1                              2.80    5.01   -2.21 (VIOLATED)
_31619_/I1                              2.80    5.01   -2.21 (VIOLATED)
_38401_/I1                              2.80    5.01   -2.21 (VIOLATED)
_37990_/I1                              2.80    5.01   -2.21 (VIOLATED)
_40710_/I1                              2.80    5.01   -2.21 (VIOLATED)
_32312_/I1                              2.80    5.01   -2.21 (VIOLATED)
_38941_/I1                              2.80    5.00   -2.20 (VIOLATED)
_37519_/I1                              2.80    5.00   -2.20 (VIOLATED)
_31740_/I1                              2.80    5.00   -2.20 (VIOLATED)
_37421_/I1                              2.80    5.00   -2.20 (VIOLATED)
_38472_/I1                              2.80    5.00   -2.20 (VIOLATED)
_37933_/I1                              2.80    5.00   -2.20 (VIOLATED)
_31678_/I1                              2.80    5.00   -2.20 (VIOLATED)
_41125_/I1                              2.80    5.00   -2.20 (VIOLATED)
_38953_/I1                              2.80    5.00   -2.20 (VIOLATED)
_37918_/I1                              2.80    5.00   -2.20 (VIOLATED)
_40211_/I1                              2.80    5.00   -2.20 (VIOLATED)
_35699_/I1                              2.80    5.00   -2.20 (VIOLATED)
_37324_/I1                              2.80    5.00   -2.20 (VIOLATED)
_41055_/I1                              2.80    5.00   -2.20 (VIOLATED)
_37510_/I1                              2.80    5.00   -2.20 (VIOLATED)
_37702_/I1                              2.80    5.00   -2.20 (VIOLATED)
_37739_/I1                              2.80    4.99   -2.19 (VIOLATED)
_40352_/I1                              2.80    4.99   -2.19 (VIOLATED)
_39631_/I1                              2.80    4.99   -2.19 (VIOLATED)
_41771_/I1                              2.80    4.99   -2.19 (VIOLATED)
_38862_/I1                              2.80    4.99   -2.19 (VIOLATED)
_37091_/I1                              2.80    4.98   -2.18 (VIOLATED)
_39820_/I1                              2.80    4.98   -2.18 (VIOLATED)
_40890_/I1                              2.80    4.98   -2.18 (VIOLATED)
_40343_/I1                              2.80    4.97   -2.17 (VIOLATED)
_38619_/I1                              2.80    4.97   -2.17 (VIOLATED)
_38898_/I1                              2.80    4.97   -2.17 (VIOLATED)
_37226_/I1                              2.80    4.97   -2.17 (VIOLATED)
_35681_/I1                              2.80    4.97   -2.17 (VIOLATED)
_32093_/I1                              2.80    4.97   -2.17 (VIOLATED)
_39597_/I1                              2.80    4.97   -2.17 (VIOLATED)
_36535_/I1                              2.80    4.97   -2.17 (VIOLATED)
_41152_/I1                              2.80    4.97   -2.17 (VIOLATED)
_33377_/I1                              2.80    4.97   -2.17 (VIOLATED)
_36990_/I1                              2.80    4.97   -2.17 (VIOLATED)
_33694_/I1                              2.80    4.97   -2.17 (VIOLATED)
_41242_/I1                              2.80    4.96   -2.16 (VIOLATED)
_39721_/I1                              2.80    4.96   -2.16 (VIOLATED)
_41672_/I1                              2.80    4.96   -2.16 (VIOLATED)
_41681_/I1                              2.80    4.96   -2.16 (VIOLATED)
_41924_/I1                              2.80    4.96   -2.16 (VIOLATED)
_41933_/I1                              2.80    4.96   -2.16 (VIOLATED)
_40442_/I1                              2.80    4.96   -2.16 (VIOLATED)
_36906_/I1                              2.80    4.96   -2.16 (VIOLATED)
_40611_/I1                              2.80    4.96   -2.16 (VIOLATED)
_31703_/I1                              2.80    4.96   -2.16 (VIOLATED)
_41637_/I1                              2.80    4.96   -2.16 (VIOLATED)
_39649_/I1                              2.80    4.96   -2.16 (VIOLATED)
_40701_/I1                              2.80    4.96   -2.16 (VIOLATED)
_36825_/I1                              2.80    4.95   -2.15 (VIOLATED)
_40869_/I1                              2.80    4.95   -2.15 (VIOLATED)
_38797_/I1                              2.80    4.95   -2.15 (VIOLATED)
_41592_/I1                              2.80    4.95   -2.15 (VIOLATED)
_33856_/I1                              2.80    4.95   -2.15 (VIOLATED)
_42041_/I1                              2.80    4.95   -2.15 (VIOLATED)
_38580_/I1                              2.80    4.95   -2.15 (VIOLATED)
_41879_/I1                              2.80    4.95   -2.15 (VIOLATED)
_38842_/I1                              2.80    4.95   -2.15 (VIOLATED)
_41745_/I1                              2.80    4.95   -2.15 (VIOLATED)
_39910_/I1                              2.80    4.95   -2.15 (VIOLATED)
_38886_/I1                              2.80    4.95   -2.15 (VIOLATED)
_40522_/I1                              2.80    4.95   -2.15 (VIOLATED)
_39084_/I1                              2.80    4.95   -2.15 (VIOLATED)
_39264_/I1                              2.80    4.95   -2.15 (VIOLATED)
_38266_/I1                              2.80    4.94   -2.14 (VIOLATED)
_38023_/I1                              2.80    4.94   -2.14 (VIOLATED)
_36957_/I1                              2.80    4.94   -2.14 (VIOLATED)
_40558_/I1                              2.80    4.94   -2.14 (VIOLATED)
_37285_/I1                              2.80    4.94   -2.14 (VIOLATED)
_39102_/I1                              2.80    4.94   -2.14 (VIOLATED)
_40011_/I1                              2.80    4.94   -2.14 (VIOLATED)
_40497_/I1                              2.80    4.94   -2.14 (VIOLATED)
_40540_/I1                              2.80    4.93   -2.13 (VIOLATED)
_39477_/I1                              2.80    4.93   -2.13 (VIOLATED)
_34579_/I1                              2.80    4.93   -2.13 (VIOLATED)
_38213_/I1                              2.80    4.92   -2.12 (VIOLATED)
_38141_/I1                              2.80    4.92   -2.12 (VIOLATED)
_37780_/I1                              2.80    4.92   -2.12 (VIOLATED)
_37759_/I1                              2.80    4.92   -2.12 (VIOLATED)
_37394_/I1                              2.80    4.92   -2.12 (VIOLATED)
_31816_/I1                              2.80    4.92   -2.12 (VIOLATED)
_38490_/I1                              2.80    4.92   -2.12 (VIOLATED)
_39202_/I1                              2.80    4.92   -2.12 (VIOLATED)
_38481_/I1                              2.80    4.92   -2.12 (VIOLATED)
_41205_/I1                              2.80    4.92   -2.12 (VIOLATED)
_36694_/I0                              2.80    4.92   -2.12 (VIOLATED)
_36945_/I1                              2.80    4.92   -2.12 (VIOLATED)
_41066_/I1                              2.80    4.92   -2.12 (VIOLATED)
_41844_/I1                              2.80    4.92   -2.12 (VIOLATED)
_41780_/I1                              2.80    4.92   -2.12 (VIOLATED)
_41520_/I1                              2.80    4.90   -2.10 (VIOLATED)
_40424_/I1                              2.80    4.90   -2.10 (VIOLATED)
_41195_/I1                              2.80    4.90   -2.10 (VIOLATED)
_40279_/I1                              2.80    4.90   -2.10 (VIOLATED)
_34979_/I1                              2.80    4.90   -2.10 (VIOLATED)
_36384_/I1                              2.80    4.90   -2.10 (VIOLATED)
_41186_/I1                              2.80    4.89   -2.09 (VIOLATED)
_36122_/I1                              2.80    4.89   -2.09 (VIOLATED)
_41265_/I1                              2.80    4.89   -2.09 (VIOLATED)
_37540_/I1                              2.80    4.88   -2.08 (VIOLATED)
_38188_/I1                              2.80    4.88   -2.08 (VIOLATED)
_38198_/I1                              2.80    4.88   -2.08 (VIOLATED)
_37145_/I1                              2.80    4.88   -2.08 (VIOLATED)
_40289_/I1                              2.80    4.87   -2.07 (VIOLATED)
_39167_/I1                              2.80    4.87   -2.07 (VIOLATED)
_39687_/I1                              2.80    4.87   -2.07 (VIOLATED)
_38664_/I1                              2.80    4.87   -2.07 (VIOLATED)
_38745_/I1                              2.80    4.86   -2.06 (VIOLATED)
_40534_/I1                              2.80    4.86   -2.06 (VIOLATED)
_39643_/I1                              2.80    4.86   -2.06 (VIOLATED)
_36927_/I1                              2.80    4.86   -2.06 (VIOLATED)
_36838_/I1                              2.80    4.86   -2.06 (VIOLATED)
_39522_/I0                              2.80    4.86   -2.06 (VIOLATED)
_38610_/I1                              2.80    4.86   -2.06 (VIOLATED)
_37370_/I1                              2.80    4.86   -2.06 (VIOLATED)
_40642_/I1                              2.80    4.85   -2.05 (VIOLATED)
_38691_/I1                              2.80    4.85   -2.05 (VIOLATED)
_40713_/I1                              2.80    4.85   -2.05 (VIOLATED)
_40023_/I1                              2.80    4.85   -2.05 (VIOLATED)
_41693_/I1                              2.80    4.85   -2.05 (VIOLATED)
_41963_/I1                              2.80    4.85   -2.05 (VIOLATED)
_39579_/I1                              2.80    4.85   -2.05 (VIOLATED)
_35996_/I1                              2.80    4.85   -2.05 (VIOLATED)
_39123_/I1                              2.80    4.85   -2.05 (VIOLATED)
_39922_/I1                              2.80    4.85   -2.05 (VIOLATED)
_39588_/I1                              2.80    4.85   -2.05 (VIOLATED)
_37467_/I1                              2.80    4.85   -2.05 (VIOLATED)
_39059_/I1                              2.80    4.85   -2.05 (VIOLATED)
_40032_/I1                              2.80    4.85   -2.05 (VIOLATED)
_41090_/I1                              2.80    4.85   -2.05 (VIOLATED)
_31764_/I1                              2.80    4.85   -2.05 (VIOLATED)
_34166_/I1                              2.80    4.85   -2.05 (VIOLATED)
_40525_/I1                              2.80    4.84   -2.04 (VIOLATED)
_41353_/I1                              2.80    4.84   -2.04 (VIOLATED)
_40956_/I1                              2.80    4.84   -2.04 (VIOLATED)
_38700_/I1                              2.80    4.84   -2.04 (VIOLATED)
_40103_/I1                              2.80    4.84   -2.04 (VIOLATED)
_41109_/I1                              2.80    4.84   -2.04 (VIOLATED)
_37567_/I1                              2.80    4.84   -2.04 (VIOLATED)
_39832_/I1                              2.80    4.84   -2.04 (VIOLATED)
_36275_/I1                              2.80    4.84   -2.04 (VIOLATED)
_36266_/I1                              2.80    4.84   -2.04 (VIOLATED)
_42080_/I1                              2.80    4.84   -2.04 (VIOLATED)
_39232_/I1                              2.80    4.84   -2.04 (VIOLATED)
_36203_/I1                              2.80    4.84   -2.04 (VIOLATED)
_37411_/I1                              2.80    4.84   -2.04 (VIOLATED)
_37162_/I1                              2.80    4.84   -2.04 (VIOLATED)
_34489_/I1                              2.80    4.84   -2.04 (VIOLATED)
_36870_/I0                              2.80    4.84   -2.04 (VIOLATED)
_41344_/I1                              2.80    4.84   -2.04 (VIOLATED)
_32832_/I1                              2.80    4.84   -2.04 (VIOLATED)
_40121_/I1                              2.80    4.83   -2.03 (VIOLATED)
_38806_/I1                              2.80    4.83   -2.03 (VIOLATED)
_38646_/I1                              2.80    4.82   -2.02 (VIOLATED)
_32221_/I1                              2.80    4.81   -2.01 (VIOLATED)
_36763_/I1                              2.80    4.81   -2.01 (VIOLATED)
_37433_/I1                              2.80    4.81   -2.01 (VIOLATED)
_33906_/I1                              2.80    4.81   -2.01 (VIOLATED)
_42050_/I1                              2.80    4.81   -2.01 (VIOLATED)
_38353_/I1                              2.80    4.81   -2.01 (VIOLATED)
_40199_/I1                              2.80    4.81   -2.01 (VIOLATED)
_40190_/I1                              2.80    4.81   -2.01 (VIOLATED)
_36969_/I1                              2.80    4.81   -2.01 (VIOLATED)
_40082_/I1                              2.80    4.81   -2.01 (VIOLATED)
_41529_/I1                              2.80    4.81   -2.01 (VIOLATED)
_37708_/I1                              2.80    4.81   -2.01 (VIOLATED)
_38994_/I1                              2.80    4.81   -2.01 (VIOLATED)
_31888_/I1                              2.80    4.81   -2.01 (VIOLATED)
_38195_/I1                              2.80    4.81   -2.01 (VIOLATED)
_39138_/I1                              2.80    4.81   -2.01 (VIOLATED)
_37969_/I1                              2.80    4.80   -2.00 (VIOLATED)
_37196_/I1                              2.80    4.80   -2.00 (VIOLATED)
_40091_/I1                              2.80    4.80   -2.00 (VIOLATED)
_35215_/I1                              2.80    4.80   -2.00 (VIOLATED)
_31843_/I1                              2.80    4.80   -2.00 (VIOLATED)
_40719_/I1                              2.80    4.80   -2.00 (VIOLATED)
_37142_/I1                              2.80    4.79   -1.99 (VIOLATED)
_38907_/I1                              2.80    4.79   -1.99 (VIOLATED)
_39309_/I1                              2.80    4.79   -1.99 (VIOLATED)
_39078_/I1                              2.80    4.79   -1.99 (VIOLATED)
_33063_/I1                              2.80    4.79   -1.99 (VIOLATED)
_36914_/I1                              2.80    4.79   -1.99 (VIOLATED)
_40809_/I1                              2.80    4.79   -1.99 (VIOLATED)
_33306_/I1                              2.80    4.78   -1.98 (VIOLATED)
_39558_/I1                              2.80    4.78   -1.98 (VIOLATED)
_40818_/I1                              2.80    4.78   -1.98 (VIOLATED)
_38517_/I1                              2.80    4.78   -1.98 (VIOLATED)
_39990_/I1                              2.80    4.78   -1.98 (VIOLATED)
_37186_/I1                              2.80    4.78   -1.98 (VIOLATED)
_37720_/I1                              2.80    4.78   -1.98 (VIOLATED)
_35498_/I1                              2.80    4.78   -1.98 (VIOLATED)
_39937_/I1                              2.80    4.78   -1.98 (VIOLATED)
_37771_/I1                              2.80    4.78   -1.98 (VIOLATED)
_37501_/I1                              2.80    4.78   -1.98 (VIOLATED)
_38724_/I1                              2.80    4.78   -1.98 (VIOLATED)
_39285_/I1                              2.80    4.78   -1.98 (VIOLATED)
_37546_/I1                              2.80    4.78   -1.98 (VIOLATED)
_41007_/I1                              2.80    4.78   -1.98 (VIOLATED)
_40728_/I1                              2.80    4.77   -1.97 (VIOLATED)
_41449_/I1                              2.80    4.77   -1.97 (VIOLATED)
_37133_/I1                              2.80    4.77   -1.97 (VIOLATED)
_37537_/I1                              2.80    4.77   -1.97 (VIOLATED)
_41277_/I1                              2.80    4.77   -1.97 (VIOLATED)
_41858_/I1                              2.80    4.77   -1.97 (VIOLATED)
_38526_/I1                              2.80    4.77   -1.97 (VIOLATED)
_38877_/I1                              2.80    4.77   -1.97 (VIOLATED)
_39811_/I1                              2.80    4.77   -1.97 (VIOLATED)
_32010_/I1                              2.80    4.77   -1.97 (VIOLATED)
_39407_/I1                              2.80    4.76   -1.96 (VIOLATED)
_39540_/I1                              2.80    4.76   -1.96 (VIOLATED)
_39030_/I1                              2.80    4.76   -1.96 (VIOLATED)
_39749_/I1                              2.80    4.76   -1.96 (VIOLATED)
_41016_/I1                              2.80    4.76   -1.96 (VIOLATED)
_39739_/I1                              2.80    4.76   -1.96 (VIOLATED)
_39105_/I1                              2.80    4.76   -1.96 (VIOLATED)
_41439_/I1                              2.80    4.76   -1.96 (VIOLATED)
_39398_/I1                              2.80    4.76   -1.96 (VIOLATED)
_37825_/I1                              2.80    4.76   -1.96 (VIOLATED)
_35061_/I1                              2.80    4.76   -1.96 (VIOLATED)
_37341_/I1                              2.80    4.75   -1.95 (VIOLATED)
_38086_/I1                              2.80    4.75   -1.95 (VIOLATED)
_39318_/I1                              2.80    4.75   -1.95 (VIOLATED)
_39419_/I1                              2.80    4.75   -1.95 (VIOLATED)
_39928_/I1                              2.80    4.75   -1.95 (VIOLATED)
_38254_/I1                              2.80    4.75   -1.95 (VIOLATED)
place1477/I                             2.80    4.75   -1.95 (VIOLATED)
_35879_/I1                              2.80    4.75   -1.95 (VIOLATED)
_38204_/I1                              2.80    4.75   -1.95 (VIOLATED)
_35349_/I1                              2.80    4.75   -1.95 (VIOLATED)
_38032_/I1                              2.80    4.75   -1.95 (VIOLATED)
_42062_/I1                              2.80    4.75   -1.95 (VIOLATED)
_32510_/I1                              2.80    4.75   -1.95 (VIOLATED)
_33667_/I1                              2.80    4.75   -1.95 (VIOLATED)
_41331_/I1                              2.80    4.75   -1.95 (VIOLATED)
_41385_/I1                              2.80    4.75   -1.95 (VIOLATED)
_37023_/I1                              2.80    4.75   -1.95 (VIOLATED)
_34218_/I1                              2.80    4.74   -1.94 (VIOLATED)
_33091_/I1                              2.80    4.74   -1.94 (VIOLATED)
_37297_/I1                              2.80    4.74   -1.94 (VIOLATED)
_37118_/I1                              2.80    4.74   -1.94 (VIOLATED)
_32302_/I1                              2.80    4.74   -1.94 (VIOLATED)
_40660_/I1                              2.80    4.74   -1.94 (VIOLATED)
_39141_/I1                              2.80    4.74   -1.94 (VIOLATED)
_38260_/I1                              2.80    4.74   -1.94 (VIOLATED)
_37981_/I1                              2.80    4.74   -1.94 (VIOLATED)
_33112_/I1                              2.80    4.74   -1.94 (VIOLATED)
_41708_/I1                              2.80    4.74   -1.94 (VIOLATED)
_39958_/I1                              2.80    4.74   -1.94 (VIOLATED)
_40750_/I1                              2.80    4.73   -1.93 (VIOLATED)
_38368_/I1                              2.80    4.73   -1.93 (VIOLATED)
_39761_/I1                              2.80    4.73   -1.93 (VIOLATED)
_38871_/I1                              2.80    4.73   -1.93 (VIOLATED)
_39152_/I1                              2.80    4.73   -1.93 (VIOLATED)
_39258_/I1                              2.80    4.73   -1.93 (VIOLATED)
_36589_/I1                              2.80    4.73   -1.93 (VIOLATED)
_37485_/I1                              2.80    4.73   -1.93 (VIOLATED)
_36864_/I1                              2.80    4.73   -1.93 (VIOLATED)
_40578_/I1                              2.80    4.73   -1.93 (VIOLATED)
_34208_/I1                              2.80    4.73   -1.93 (VIOLATED)
_33484_/I1                              2.80    4.73   -1.93 (VIOLATED)
_40677_/I1                              2.80    4.73   -1.93 (VIOLATED)
_33367_/I1                              2.80    4.72   -1.92 (VIOLATED)
_37649_/I1                              2.80    4.72   -1.92 (VIOLATED)
_31911_/I1                              2.80    4.72   -1.92 (VIOLATED)
_37492_/I1                              2.80    4.72   -1.92 (VIOLATED)
_33997_/I1                              2.80    4.71   -1.91 (VIOLATED)
_37008_/I1                              2.80    4.71   -1.91 (VIOLATED)
_40301_/I1                              2.80    4.71   -1.91 (VIOLATED)
_41233_/I1                              2.80    4.71   -1.91 (VIOLATED)
_36811_/I1                              2.80    4.71   -1.91 (VIOLATED)
_36775_/I1                              2.80    4.70   -1.90 (VIOLATED)
_41721_/I1                              2.80    4.70   -1.90 (VIOLATED)
_37748_/I1                              2.80    4.70   -1.90 (VIOLATED)
_31771_/I1                              2.80    4.70   -1.90 (VIOLATED)
_34618_/I1                              2.80    4.69   -1.89 (VIOLATED)
_40982_/I1                              2.80    4.69   -1.89 (VIOLATED)
_40741_/I1                              2.80    4.69   -1.89 (VIOLATED)
_32891_/I1                              2.80    4.68   -1.88 (VIOLATED)
_41493_/I1                              2.80    4.68   -1.88 (VIOLATED)
_37078_/I1                              2.80    4.68   -1.88 (VIOLATED)
_39672_/I1                              2.80    4.68   -1.88 (VIOLATED)
_41789_/I1                              2.80    4.68   -1.88 (VIOLATED)
_35610_/I1                              2.80    4.68   -1.88 (VIOLATED)
_33576_/I1                              2.80    4.67   -1.87 (VIOLATED)
_39778_/I1                              2.80    4.66   -1.86 (VIOLATED)
_41550_/I1                              2.80    4.66   -1.86 (VIOLATED)
_35169_/I1                              2.80    4.65   -1.85 (VIOLATED)
_34024_/I1                              2.80    4.65   -1.85 (VIOLATED)
_36735_/I1                              2.80    4.65   -1.85 (VIOLATED)
_33924_/I1                              2.80    4.65   -1.85 (VIOLATED)
_36936_/I1                              2.80    4.64   -1.84 (VIOLATED)
_38499_/I1                              2.80    4.63   -1.83 (VIOLATED)
_38231_/I1                              2.80    4.62   -1.82 (VIOLATED)
_32600_/I1                              2.80    4.61   -1.81 (VIOLATED)
_36739_/I1                              2.80    4.59   -1.79 (VIOLATED)
_37810_/I1                              2.80    4.59   -1.79 (VIOLATED)
_37879_/I1                              2.80    4.59   -1.79 (VIOLATED)
_40037_/I1                              2.80    4.58   -1.78 (VIOLATED)
_37156_/I1                              2.80    4.57   -1.77 (VIOLATED)
_42035_/I1                              2.80    4.57   -1.77 (VIOLATED)
_40633_/I1                              2.80    4.57   -1.77 (VIOLATED)
_37838_/I1                              2.80    4.56   -1.76 (VIOLATED)
_36402_/I1                              2.80    4.55   -1.75 (VIOLATED)
_41078_/I1                              2.80    4.53   -1.73 (VIOLATED)
_36900_/I1                              2.80    4.52   -1.72 (VIOLATED)
_39602_/I1                              2.80    4.51   -1.71 (VIOLATED)
_41586_/I1                              2.80    4.51   -1.71 (VIOLATED)
_39829_/I1                              2.80    4.51   -1.71 (VIOLATED)
_39495_/I1                              2.80    4.51   -1.71 (VIOLATED)
_37888_/I1                              2.80    4.51   -1.71 (VIOLATED)
_38055_/I1                              2.80    4.51   -1.71 (VIOLATED)
_39838_/I1                              2.80    4.50   -1.70 (VIOLATED)
_38607_/I1                              2.80    4.50   -1.70 (VIOLATED)
_37727_/I1                              2.80    4.50   -1.70 (VIOLATED)
_37798_/I1                              2.80    4.50   -1.70 (VIOLATED)
_31643_/I1                              2.80    4.50   -1.70 (VIOLATED)
_40020_/I1                              2.80    4.50   -1.70 (VIOLATED)
_36393_/I1                              2.80    4.49   -1.69 (VIOLATED)
_34607_/I1                              2.80    4.49   -1.69 (VIOLATED)
_41945_/I1                              2.80    4.49   -1.69 (VIOLATED)
_33357_/I1                              2.80    4.49   -1.69 (VIOLATED)
_41613_/I1                              2.80    4.48   -1.68 (VIOLATED)
_41604_/I1                              2.80    4.48   -1.68 (VIOLATED)
_36941_/I1                              2.80    4.48   -1.68 (VIOLATED)
_35465_/I1                              2.80    4.46   -1.66 (VIOLATED)
_35932_/I1                              2.80    4.46   -1.66 (VIOLATED)
_36375_/I1                              2.80    4.46   -1.66 (VIOLATED)
_41702_/I1                              2.80    4.46   -1.66 (VIOLATED)
_41181_/I1                              2.80    4.46   -1.66 (VIOLATED)
_36131_/I1                              2.80    4.45   -1.65 (VIOLATED)
_40366_/I1                              2.80    4.45   -1.65 (VIOLATED)
_34051_/I1                              2.80    4.45   -1.65 (VIOLATED)
_42089_/I1                              2.80    4.45   -1.65 (VIOLATED)
_33915_/I1                              2.80    4.45   -1.65 (VIOLATED)
_40454_/I1                              2.80    4.45   -1.65 (VIOLATED)
_41627_/I1                              2.80    4.45   -1.65 (VIOLATED)
_40902_/I1                              2.80    4.45   -1.65 (VIOLATED)
_40328_/I1                              2.80    4.45   -1.65 (VIOLATED)
_35861_/I1                              2.80    4.45   -1.65 (VIOLATED)
_39573_/I1                              2.80    4.44   -1.64 (VIOLATED)
_35897_/I1                              2.80    4.42   -1.62 (VIOLATED)
_41166_/I1                              2.80    4.41   -1.61 (VIOLATED)
_31751_/I1                              2.80    4.39   -1.59 (VIOLATED)
_34874_/I1                              2.80    4.37   -1.57 (VIOLATED)
_39757_/I1                              2.80    4.37   -1.57 (VIOLATED)
_39065_/I1                              2.80    4.36   -1.56 (VIOLATED)
_36807_/I1                              2.80    4.35   -1.55 (VIOLATED)
_40028_/I1                              2.80    4.35   -1.55 (VIOLATED)
_36847_/I1                              2.80    4.35   -1.55 (VIOLATED)
_35705_/I1                              2.80    4.35   -1.55 (VIOLATED)
_38615_/I1                              2.80    4.35   -1.55 (VIOLATED)
_31653_/I1                              2.80    4.35   -1.55 (VIOLATED)
_37320_/I1                              2.80    4.34   -1.54 (VIOLATED)
_38391_/I1                              2.80    4.34   -1.54 (VIOLATED)
_41064_/I1                              2.80    4.34   -1.54 (VIOLATED)
_37536_/I1                              2.80    4.34   -1.54 (VIOLATED)
_42040_/I1                              2.80    4.34   -1.54 (VIOLATED)
_38723_/I1                              2.80    4.34   -1.54 (VIOLATED)
_37141_/I1                              2.80    4.34   -1.54 (VIOLATED)
_40916_/I1                              2.80    4.34   -1.54 (VIOLATED)
_33842_/I1                              2.80    4.34   -1.54 (VIOLATED)
_40386_/I1                              2.80    4.34   -1.54 (VIOLATED)
_34603_/I1                              2.80    4.33   -1.53 (VIOLATED)
_37955_/I1                              2.80    4.33   -1.53 (VIOLATED)
_37806_/I1                              2.80    4.33   -1.53 (VIOLATED)
_39945_/I1                              2.80    4.33   -1.53 (VIOLATED)
_37822_/I1                              2.80    4.32   -1.52 (VIOLATED)
_37282_/I1                              2.80    4.32   -1.52 (VIOLATED)
_36760_/I1                              2.80    4.32   -1.52 (VIOLATED)
_40421_/I1                              2.80    4.32   -1.52 (VIOLATED)
_37634_/I1                              2.80    4.32   -1.52 (VIOLATED)
_38448_/I1                              2.80    4.32   -1.52 (VIOLATED)
_38426_/I1                              2.80    4.32   -1.52 (VIOLATED)
_40737_/I1                              2.80    4.32   -1.52 (VIOLATED)
_40207_/I1                              2.80    4.32   -1.52 (VIOLATED)
_36664_/I1                              2.80    4.32   -1.52 (VIOLATED)
_31853_/I1                              2.80    4.32   -1.52 (VIOLATED)
_37384_/I1                              2.80    4.32   -1.52 (VIOLATED)
_37375_/I1                              2.80    4.32   -1.52 (VIOLATED)
_37105_/I1                              2.80    4.32   -1.52 (VIOLATED)
_37698_/I1                              2.80    4.32   -1.52 (VIOLATED)
_41373_/I1                              2.80    4.31   -1.51 (VIOLATED)
_41358_/I1                              2.80    4.31   -1.51 (VIOLATED)
_41580_/I1                              2.80    4.31   -1.51 (VIOLATED)
_35792_/I1                              2.80    4.31   -1.51 (VIOLATED)
_35774_/I1                              2.80    4.31   -1.51 (VIOLATED)
_32404_/I1                              2.80    4.31   -1.51 (VIOLATED)
_32389_/I1                              2.80    4.31   -1.51 (VIOLATED)
_39074_/I1                              2.80    4.31   -1.51 (VIOLATED)
_32504_/I1                              2.80    4.31   -1.51 (VIOLATED)
_32485_/I1                              2.80    4.31   -1.51 (VIOLATED)
_41894_/I1                              2.80    4.30   -1.50 (VIOLATED)
_36209_/I1                              2.80    4.30   -1.50 (VIOLATED)
_36233_/I1                              2.80    4.30   -1.50 (VIOLATED)
_33053_/I1                              2.80    4.30   -1.50 (VIOLATED)
_39846_/I1                              2.80    4.30   -1.50 (VIOLATED)
_38175_/I1                              2.80    4.30   -1.50 (VIOLATED)
_39237_/I1                              2.80    4.30   -1.50 (VIOLATED)
_41885_/I1                              2.80    4.30   -1.50 (VIOLATED)
_41375_/I1                              2.80    4.30   -1.50 (VIOLATED)
_40826_/I1                              2.80    4.30   -1.50 (VIOLATED)
_38984_/I1                              2.80    4.30   -1.50 (VIOLATED)
_37735_/I1                              2.80    4.30   -1.50 (VIOLATED)
_38364_/I1                              2.80    4.30   -1.50 (VIOLATED)
_39783_/I1                              2.80    4.30   -1.50 (VIOLATED)
_32195_/I1                              2.80    4.29   -1.49 (VIOLATED)
_40484_/I1                              2.80    4.29   -1.49 (VIOLATED)
_38423_/I1                              2.80    4.29   -1.49 (VIOLATED)
_34502_/I1                              2.80    4.29   -1.49 (VIOLATED)
_40135_/I1                              2.80    4.29   -1.49 (VIOLATED)
_32685_/I1                              2.80    4.28   -1.48 (VIOLATED)
_37867_/I1                              2.80    4.28   -1.48 (VIOLATED)
_40304_/I1                              2.80    4.28   -1.48 (VIOLATED)
_32695_/I1                              2.80    4.28   -1.48 (VIOLATED)
_31864_/I1                              2.80    4.28   -1.48 (VIOLATED)
_39683_/I1                              2.80    4.28   -1.48 (VIOLATED)
_33745_/I1                              2.80    4.28   -1.48 (VIOLATED)
_37291_/I1                              2.80    4.28   -1.48 (VIOLATED)
_34204_/I1                              2.80    4.28   -1.48 (VIOLATED)
_31608_/I1                              2.80    4.27   -1.47 (VIOLATED)
_32650_/I1                              2.80    4.27   -1.47 (VIOLATED)
_40647_/I1                              2.80    4.27   -1.47 (VIOLATED)
_34097_/I1                              2.80    4.27   -1.47 (VIOLATED)
_34921_/I1                              2.80    4.27   -1.47 (VIOLATED)
_37355_/I1                              2.80    4.27   -1.47 (VIOLATED)
_38272_/I1                              2.80    4.26   -1.46 (VIOLATED)
_33561_/I1                              2.80    4.26   -1.46 (VIOLATED)
_34414_/I1                              2.80    4.26   -1.46 (VIOLATED)
_38586_/I1                              2.80    4.26   -1.46 (VIOLATED)
_39453_/I1                              2.80    4.26   -1.46 (VIOLATED)
_32974_/I1                              2.80    4.25   -1.45 (VIOLATED)
_38929_/I1                              2.80    4.25   -1.45 (VIOLATED)
_38642_/I1                              2.80    4.24   -1.44 (VIOLATED)
_38514_/I1                              2.80    4.23   -1.43 (VIOLATED)
_38263_/I1                              2.80    4.23   -1.43 (VIOLATED)
_40384_/I1                              2.80    4.23   -1.43 (VIOLATED)
_34309_/I1                              2.80    4.23   -1.43 (VIOLATED)
_31651_/I1                              2.80    4.23   -1.43 (VIOLATED)
_39501_/I1                              2.80    4.23   -1.43 (VIOLATED)
_37318_/I1                              2.80    4.23   -1.43 (VIOLATED)
_38389_/I1                              2.80    4.23   -1.43 (VIOLATED)
_38167_/I1                              2.80    4.23   -1.43 (VIOLATED)
_36932_/I1                              2.80    4.22   -1.42 (VIOLATED)
_38705_/I1                              2.80    4.22   -1.42 (VIOLATED)
_40824_/I1                              2.80    4.22   -1.42 (VIOLATED)
_39943_/I1                              2.80    4.22   -1.42 (VIOLATED)
_37616_/I1                              2.80    4.22   -1.42 (VIOLATED)
_37696_/I1                              2.80    4.22   -1.42 (VIOLATED)
_34279_/I1                              2.80    4.22   -1.42 (VIOLATED)
_34102_/I1                              2.80    4.21   -1.41 (VIOLATED)
_31631_/I1                              2.80    4.21   -1.41 (VIOLATED)
_33744_/I1                              2.80    4.21   -1.41 (VIOLATED)
_33382_/I1                              2.80    4.21   -1.41 (VIOLATED)
_32585_/I1                              2.80    4.21   -1.41 (VIOLATED)
_34310_/I1                              2.80    4.21   -1.41 (VIOLATED)
_36485_/I1                              2.80    4.21   -1.41 (VIOLATED)
_35414_/I1                              2.80    4.21   -1.41 (VIOLATED)
_35605_/I1                              2.80    4.21   -1.41 (VIOLATED)
_37030_/I1                              2.80    4.20   -1.40 (VIOLATED)
_34280_/I1                              2.80    4.20   -1.40 (VIOLATED)
_39691_/I1                              2.80    4.20   -1.40 (VIOLATED)
_34879_/I1                              2.80    4.20   -1.40 (VIOLATED)
_38813_/I1                              2.80    4.20   -1.40 (VIOLATED)
_41805_/I1                              2.80    4.20   -1.40 (VIOLATED)
_32005_/I1                              2.80    4.20   -1.40 (VIOLATED)
_39768_/I1                              2.80    4.20   -1.40 (VIOLATED)
_36144_/I1                              2.80    4.20   -1.40 (VIOLATED)
_35864_/I1                              2.80    4.20   -1.40 (VIOLATED)
_36683_/I1                              2.80    4.19   -1.39 (VIOLATED)
_32406_/I1                              2.80    4.19   -1.39 (VIOLATED)
_32390_/I1                              2.80    4.19   -1.39 (VIOLATED)
_35775_/I1                              2.80    4.19   -1.39 (VIOLATED)
_41886_/I1                              2.80    4.19   -1.39 (VIOLATED)
_35793_/I1                              2.80    4.19   -1.39 (VIOLATED)
_41895_/I1                              2.80    4.19   -1.39 (VIOLATED)
_38273_/I1                              2.80    4.19   -1.39 (VIOLATED)
_39334_/I1                              2.80    4.19   -1.39 (VIOLATED)
_32505_/I1                              2.80    4.19   -1.39 (VIOLATED)
_33946_/I1                              2.80    4.19   -1.39 (VIOLATED)
_33919_/I1                              2.80    4.19   -1.39 (VIOLATED)
_32486_/I1                              2.80    4.19   -1.39 (VIOLATED)
_34213_/I1                              2.80    4.19   -1.39 (VIOLATED)
_40547_/I1                              2.80    4.19   -1.39 (VIOLATED)
_34898_/I1                              2.80    4.19   -1.39 (VIOLATED)
_38093_/I1                              2.80    4.19   -1.39 (VIOLATED)
_41459_/I1                              2.80    4.19   -1.39 (VIOLATED)
_32995_/I1                              2.80    4.19   -1.39 (VIOLATED)
_37610_/I1                              2.80    4.19   -1.39 (VIOLATED)
_37255_/I1                              2.80    4.19   -1.39 (VIOLATED)
_39730_/I1                              2.80    4.19   -1.39 (VIOLATED)
_41502_/I1                              2.80    4.19   -1.39 (VIOLATED)
_34425_/I1                              2.80    4.19   -1.39 (VIOLATED)
_32595_/I1                              2.80    4.19   -1.39 (VIOLATED)
_39486_/I1                              2.80    4.19   -1.39 (VIOLATED)
_32975_/I1                              2.80    4.19   -1.39 (VIOLATED)
_36978_/I1                              2.80    4.19   -1.39 (VIOLATED)
_31854_/I1                              2.80    4.19   -1.39 (VIOLATED)
_34415_/I1                              2.80    4.19   -1.39 (VIOLATED)
_38041_/I1                              2.80    4.19   -1.39 (VIOLATED)
_41403_/I1                              2.80    4.19   -1.39 (VIOLATED)
_36135_/I1                              2.80    4.18   -1.38 (VIOLATED)
_37679_/I1                              2.80    4.18   -1.38 (VIOLATED)
_34503_/I1                              2.80    4.18   -1.38 (VIOLATED)
_40744_/I1                              2.80    4.18   -1.38 (VIOLATED)
_32196_/I1                              2.80    4.18   -1.38 (VIOLATED)
_36234_/I1                              2.80    4.18   -1.38 (VIOLATED)
_39640_/I1                              2.80    4.18   -1.38 (VIOLATED)
_41412_/I1                              2.80    4.18   -1.38 (VIOLATED)
_40169_/I1                              2.80    4.18   -1.38 (VIOLATED)
_40181_/I1                              2.80    4.18   -1.38 (VIOLATED)
_38893_/I1                              2.80    4.18   -1.38 (VIOLATED)
_32786_/I1                              2.80    4.18   -1.38 (VIOLATED)
_32369_/I1                              2.80    4.18   -1.38 (VIOLATED)
_33479_/I1                              2.80    4.18   -1.38 (VIOLATED)
_38756_/I1                              2.80    4.18   -1.38 (VIOLATED)
_40531_/I1                              2.80    4.17   -1.37 (VIOLATED)
_42023_/I1                              2.80    4.17   -1.37 (VIOLATED)
_39291_/I1                              2.80    4.17   -1.37 (VIOLATED)
_37572_/I1                              2.80    4.17   -1.37 (VIOLATED)
_31828_/I1                              2.80    4.17   -1.37 (VIOLATED)
_36987_/I1                              2.80    4.17   -1.37 (VIOLATED)
_31984_/I1                              2.80    4.17   -1.37 (VIOLATED)
_39681_/I1                              2.80    4.17   -1.37 (VIOLATED)
_40223_/I1                              2.80    4.17   -1.37 (VIOLATED)
_37895_/I1                              2.80    4.16   -1.36 (VIOLATED)
_35245_/I1                              2.80    4.16   -1.36 (VIOLATED)
_33653_/I1                              2.80    4.15   -1.35 (VIOLATED)
_37003_/I1                              2.80    4.15   -1.35 (VIOLATED)
_35518_/I1                              2.80    4.15   -1.35 (VIOLATED)
_36211_/I1                              2.80    4.15   -1.35 (VIOLATED)
_40267_/I1                              2.80    4.14   -1.34 (VIOLATED)
_39211_/I1                              2.80    4.14   -1.34 (VIOLATED)
_39333_/I1                              2.80    4.14   -1.34 (VIOLATED)
_41087_/I1                              2.80    4.14   -1.34 (VIOLATED)
_32952_/I1                              2.80    4.13   -1.33 (VIOLATED)
_36309_/I1                              2.80    4.13   -1.33 (VIOLATED)
_38955_/I1                              2.80    4.12   -1.32 (VIOLATED)
_33179_/I1                              2.80    4.12   -1.32 (VIOLATED)
_38410_/I1                              2.80    4.12   -1.32 (VIOLATED)
_36733_/I1                              2.80    4.11   -1.31 (VIOLATED)
_34406_/I1                              2.80    4.11   -1.31 (VIOLATED)
_38267_/I1                              2.80    4.11   -1.31 (VIOLATED)
_40200_/I1                              2.80    4.11   -1.31 (VIOLATED)
_37547_/I1                              2.80    4.11   -1.31 (VIOLATED)
_39750_/I1                              2.80    4.11   -1.31 (VIOLATED)
_38995_/I1                              2.80    4.11   -1.31 (VIOLATED)
_40280_/I1                              2.80    4.11   -1.31 (VIOLATED)
_36764_/I1                              2.80    4.11   -1.31 (VIOLATED)
_37970_/I1                              2.80    4.11   -1.31 (VIOLATED)
_31704_/I1                              2.80    4.11   -1.31 (VIOLATED)
_38725_/I1                              2.80    4.11   -1.31 (VIOLATED)
_40819_/I1                              2.80    4.11   -1.31 (VIOLATED)
_38256_/I1                              2.80    4.11   -1.31 (VIOLATED)
_40559_/I1                              2.80    4.11   -1.31 (VIOLATED)
_37709_/I1                              2.80    4.11   -1.31 (VIOLATED)
_38024_/I1                              2.80    4.11   -1.31 (VIOLATED)
_36970_/I1                              2.80    4.11   -1.31 (VIOLATED)
_36835_/I1                              2.80    4.11   -1.31 (VIOLATED)
_40378_/I1                              2.80    4.11   -1.31 (VIOLATED)
_37079_/I1                              2.80    4.11   -1.31 (VIOLATED)
_41022_/I1                              2.80    4.11   -1.31 (VIOLATED)
_32205_/I1                              2.80    4.11   -1.31 (VIOLATED)
_37951_/I1                              2.80    4.11   -1.31 (VIOLATED)
_40735_/I1                              2.80    4.11   -1.31 (VIOLATED)
_36665_/I1                              2.80    4.11   -1.31 (VIOLATED)
_37202_/I1                              2.80    4.10   -1.30 (VIOLATED)
_42029_/I1                              2.80    4.10   -1.30 (VIOLATED)
_41457_/I1                              2.80    4.10   -1.30 (VIOLATED)
_38482_/I1                              2.80    4.10   -1.30 (VIOLATED)
_37493_/I1                              2.80    4.10   -1.30 (VIOLATED)
_39265_/I1                              2.80    4.10   -1.30 (VIOLATED)
_31889_/I1                              2.80    4.10   -1.30 (VIOLATED)
_37880_/I1                              2.80    4.09   -1.29 (VIOLATED)
_40443_/I1                              2.80    4.09   -1.29 (VIOLATED)
_39085_/I1                              2.80    4.09   -1.29 (VIOLATED)
_40871_/I1                              2.80    4.09   -1.29 (VIOLATED)
_32686_/I1                              2.80    4.09   -1.29 (VIOLATED)
_40297_/I1                              2.80    4.09   -1.29 (VIOLATED)
_36695_/I0                              2.80    4.09   -1.29 (VIOLATED)
_41781_/I1                              2.80    4.09   -1.29 (VIOLATED)
_40541_/I1                              2.80    4.09   -1.29 (VIOLATED)
_35694_/I1                              2.80    4.08   -1.28 (VIOLATED)
_38581_/I1                              2.80    4.08   -1.28 (VIOLATED)
_33194_/I1                              2.80    4.08   -1.28 (VIOLATED)
_33562_/I1                              2.80    4.08   -1.28 (VIOLATED)
_41925_/I1                              2.80    4.08   -1.28 (VIOLATED)
_41934_/I1                              2.80    4.08   -1.28 (VIOLATED)
_38887_/I1                              2.80    4.07   -1.27 (VIOLATED)
_32292_/I1                              2.80    4.07   -1.27 (VIOLATED)
_41184_/I1                              2.80    4.06   -1.26 (VIOLATED)
_37912_/I1                              2.80    4.06   -1.26 (VIOLATED)
_40353_/I1                              2.80    4.06   -1.26 (VIOLATED)
_31620_/I1                              2.80    4.06   -1.26 (VIOLATED)
_32267_/I1                              2.80    4.06   -1.26 (VIOLATED)
_40566_/I1                              2.80    4.06   -1.26 (VIOLATED)
_38640_/I1                              2.80    4.06   -1.26 (VIOLATED)
_36387_/I1                              2.80    4.06   -1.26 (VIOLATED)
_36224_/I1                              2.80    4.06   -1.26 (VIOLATED)
_36331_/I1                              2.80    4.06   -1.26 (VIOLATED)
_42056_/I1                              2.80    4.06   -1.26 (VIOLATED)
_40729_/I1                              2.80    4.05   -1.25 (VIOLATED)
_40621_/I1                              2.80    4.05   -1.25 (VIOLATED)
_32165_/I1                              2.80    4.05   -1.25 (VIOLATED)
_38798_/I1                              2.80    4.05   -1.25 (VIOLATED)
_41521_/I1                              2.80    4.04   -1.24 (VIOLATED)
_31906_/I1                              2.80    4.04   -1.24 (VIOLATED)
_32206_/I1                              2.80    4.04   -1.24 (VIOLATED)
_41536_/I1                              2.80    4.04   -1.24 (VIOLATED)
_36112_/I1                              2.80    4.03   -1.23 (VIOLATED)
_35064_/I1                              2.80    4.03   -1.23 (VIOLATED)
_39655_/I1                              2.80    4.03   -1.23 (VIOLATED)
_41174_/I1                              2.80    4.03   -1.23 (VIOLATED)
_40285_/I1                              2.80    4.03   -1.23 (VIOLATED)
_38551_/I1                              2.80    4.03   -1.23 (VIOLATED)
_38416_/I1                              2.80    4.03   -1.23 (VIOLATED)
_41723_/I1                              2.80    4.03   -1.23 (VIOLATED)
_38720_/I1                              2.80    4.03   -1.23 (VIOLATED)
_33708_/I1                              2.80    4.02   -1.22 (VIOLATED)
_35865_/I1                              2.80    4.02   -1.22 (VIOLATED)
_35944_/I1                              2.80    4.02   -1.22 (VIOLATED)
_35881_/I1                              2.80    4.02   -1.22 (VIOLATED)
_39541_/I1                              2.80    4.02   -1.22 (VIOLATED)
_35615_/I1                              2.80    4.02   -1.22 (VIOLATED)
_31972_/I1                              2.80    4.02   -1.22 (VIOLATED)
_33094_/I1                              2.80    4.02   -1.22 (VIOLATED)
_34221_/I1                              2.80    4.01   -1.21 (VIOLATED)
_39559_/I1                              2.80    4.01   -1.21 (VIOLATED)
_32774_/I1                              2.80    4.01   -1.21 (VIOLATED)
_32736_/I1                              2.80    4.01   -1.21 (VIOLATED)
_36406_/I1                              2.80    4.01   -1.21 (VIOLATED)
_35449_/I1                              2.80    4.01   -1.21 (VIOLATED)
_39107_/I1                              2.80    4.01   -1.21 (VIOLATED)
_40655_/I1                              2.80    4.01   -1.21 (VIOLATED)
_34181_/I1                              2.80    4.01   -1.21 (VIOLATED)
_41428_/I1                              2.80    4.01   -1.21 (VIOLATED)
_36097_/I1                              2.80    4.01   -1.21 (VIOLATED)
_32704_/I1                              2.80    4.01   -1.21 (VIOLATED)
_34159_/I1                              2.80    4.01   -1.21 (VIOLATED)
_35352_/I1                              2.80    4.01   -1.21 (VIOLATED)
_34680_/I1                              2.80    4.00   -1.20 (VIOLATED)
_33400_/I1                              2.80    4.00   -1.20 (VIOLATED)
_34944_/I1                              2.80    4.00   -1.20 (VIOLATED)
_38047_/I1                              2.80    4.00   -1.20 (VIOLATED)
_34750_/I1                              2.80    4.00   -1.20 (VIOLATED)
_41795_/I1                              2.80    4.00   -1.20 (VIOLATED)
_35280_/I1                              2.80    4.00   -1.20 (VIOLATED)
_35370_/I1                              2.80    4.00   -1.20 (VIOLATED)
_37395_/I1                              2.80    4.00   -1.20 (VIOLATED)
_35234_/I1                              2.80    4.00   -1.20 (VIOLATED)
_33222_/I1                              2.80    4.00   -1.20 (VIOLATED)
_34269_/I1                              2.80    3.99   -1.19 (VIOLATED)
_37761_/I1                              2.80    3.99   -1.19 (VIOLATED)
_32277_/I1                              2.80    3.99   -1.19 (VIOLATED)
_33457_/I1                              2.80    3.99   -1.19 (VIOLATED)
_35629_/I1                              2.80    3.99   -1.19 (VIOLATED)
_33232_/I1                              2.80    3.99   -1.19 (VIOLATED)
_32307_/I1                              2.80    3.99   -1.19 (VIOLATED)
_32864_/I1                              2.80    3.99   -1.19 (VIOLATED)
_37435_/I1                              2.80    3.99   -1.19 (VIOLATED)
_32763_/I1                              2.80    3.98   -1.18 (VIOLATED)
_40546_/I1                              2.80    3.98   -1.18 (VIOLATED)
_35397_/I1                              2.80    3.98   -1.18 (VIOLATED)
_35955_/I1                              2.80    3.98   -1.18 (VIOLATED)
_31934_/I1                              2.80    3.98   -1.18 (VIOLATED)
_32753_/I1                              2.80    3.98   -1.18 (VIOLATED)
_36465_/I1                              2.80    3.97   -1.17 (VIOLATED)
_31866_/I1                              2.80    3.97   -1.17 (VIOLATED)
_37906_/I1                              2.80    3.97   -1.17 (VIOLATED)
_41079_/I1                              2.80    3.97   -1.17 (VIOLATED)
_40021_/I1                              2.80    3.97   -1.17 (VIOLATED)
_35594_/I1                              2.80    3.97   -1.17 (VIOLATED)
_33642_/I1                              2.80    3.96   -1.16 (VIOLATED)
_33056_/I1                              2.80    3.96   -1.16 (VIOLATED)
_32088_/I1                              2.80    3.96   -1.16 (VIOLATED)
_33542_/I1                              2.80    3.96   -1.16 (VIOLATED)
_35504_/I1                              2.80    3.96   -1.16 (VIOLATED)
_40493_/I1                              2.80    3.96   -1.16 (VIOLATED)
_32075_/I1                              2.80    3.96   -1.16 (VIOLATED)
_42065_/I1                              2.80    3.96   -1.16 (VIOLATED)
_34529_/I1                              2.80    3.96   -1.16 (VIOLATED)
_34867_/I1                              2.80    3.96   -1.16 (VIOLATED)
_40451_/I1                              2.80    3.96   -1.16 (VIOLATED)
_39585_/I1                              2.80    3.96   -1.16 (VIOLATED)
_41690_/I1                              2.80    3.96   -1.16 (VIOLATED)
_31761_/I1                              2.80    3.96   -1.16 (VIOLATED)
_38967_/I1                              2.80    3.96   -1.16 (VIOLATED)
_40100_/I1                              2.80    3.96   -1.16 (VIOLATED)
_40762_/I1                              2.80    3.96   -1.16 (VIOLATED)
_36368_/I1                              2.80    3.95   -1.15 (VIOLATED)
_40321_/I1                              2.80    3.95   -1.15 (VIOLATED)
_33821_/I1                              2.80    3.95   -1.15 (VIOLATED)
_32594_/I1                              2.80    3.95   -1.15 (VIOLATED)
_37374_/I1                              2.80    3.95   -1.15 (VIOLATED)
_38974_/I1                              2.80    3.95   -1.15 (VIOLATED)
_33263_/I1                              2.80    3.95   -1.15 (VIOLATED)
_40385_/I1                              2.80    3.95   -1.15 (VIOLATED)
_40915_/I1                              2.80    3.95   -1.15 (VIOLATED)
_39845_/I1                              2.80    3.95   -1.15 (VIOLATED)
_40036_/I1                              2.80    3.95   -1.15 (VIOLATED)
_36769_/I1                              2.80    3.95   -1.15 (VIOLATED)
_36845_/I1                              2.80    3.95   -1.15 (VIOLATED)
_37913_/I1                              2.80    3.95   -1.15 (VIOLATED)
_31679_/I1                              2.80    3.94   -1.14 (VIOLATED)
_38205_/I1                              2.80    3.94   -1.14 (VIOLATED)
_37772_/I1                              2.80    3.94   -1.14 (VIOLATED)
_40810_/I1                              2.80    3.94   -1.14 (VIOLATED)
_40425_/I1                              2.80    3.94   -1.14 (VIOLATED)
_39650_/I1                              2.80    3.94   -1.14 (VIOLATED)
_33753_/I1                              2.80    3.94   -1.14 (VIOLATED)
_37638_/I1                              2.80    3.94   -1.14 (VIOLATED)
_38087_/I1                              2.80    3.94   -1.14 (VIOLATED)
_38786_/I1                              2.80    3.94   -1.14 (VIOLATED)
_37826_/I1                              2.80    3.94   -1.14 (VIOLATED)
_32696_/I1                              2.80    3.94   -1.14 (VIOLATED)
_33086_/I1                              2.80    3.94   -1.14 (VIOLATED)
_36494_/I1                              2.80    3.94   -1.14 (VIOLATED)
_32796_/I1                              2.80    3.94   -1.14 (VIOLATED)
_37286_/I1                              2.80    3.94   -1.14 (VIOLATED)
_34710_/I1                              2.80    3.94   -1.14 (VIOLATED)
_36593_/I1                              2.80    3.94   -1.14 (VIOLATED)
_35964_/I1                              2.80    3.94   -1.14 (VIOLATED)
_41318_/I1                              2.80    3.94   -1.14 (VIOLATED)
_41017_/I1                              2.80    3.94   -1.14 (VIOLATED)
_35171_/I1                              2.80    3.94   -1.14 (VIOLATED)
_35433_/I1                              2.80    3.94   -1.14 (VIOLATED)
_32515_/I1                              2.80    3.94   -1.14 (VIOLATED)
_35584_/I1                              2.80    3.94   -1.14 (VIOLATED)
_39408_/I1                              2.80    3.94   -1.14 (VIOLATED)
_34320_/I1                              2.80    3.94   -1.14 (VIOLATED)
_39018_/I1                              2.80    3.94   -1.14 (VIOLATED)
_34513_/I1                              2.80    3.94   -1.14 (VIOLATED)
_33291_/I1                              2.80    3.94   -1.14 (VIOLATED)
_35683_/I1                              2.80    3.94   -1.14 (VIOLATED)
_34298_/I1                              2.80    3.94   -1.14 (VIOLATED)
_41366_/I1                              2.80    3.94   -1.14 (VIOLATED)
_41377_/I1                              2.80    3.93   -1.13 (VIOLATED)
_40645_/I1                              2.80    3.93   -1.13 (VIOLATED)
_40976_/I1                              2.80    3.93   -1.13 (VIOLATED)
_38973_/I1                              2.80    3.93   -1.13 (VIOLATED)
_37654_/I1                              2.80    3.93   -1.13 (VIOLATED)
_39413_/I1                              2.80    3.93   -1.13 (VIOLATED)
_31602_/I1                              2.80    3.93   -1.13 (VIOLATED)
_35532_/I1                              2.80    3.93   -1.13 (VIOLATED)
_38652_/I1                              2.80    3.93   -1.13 (VIOLATED)
_38460_/I1                              2.80    3.93   -1.13 (VIOLATED)
_38816_/I1                              2.80    3.93   -1.13 (VIOLATED)
_36147_/I1                              2.80    3.93   -1.13 (VIOLATED)
_35077_/I1                              2.80    3.93   -1.13 (VIOLATED)
_38430_/I1                              2.80    3.93   -1.13 (VIOLATED)
_40585_/I1                              2.80    3.93   -1.13 (VIOLATED)
_37430_/I1                              2.80    3.93   -1.13 (VIOLATED)
_33724_/I1                              2.80    3.93   -1.13 (VIOLATED)
_34418_/I1                              2.80    3.93   -1.13 (VIOLATED)
_35254_/I1                              2.80    3.93   -1.13 (VIOLATED)
_38003_/I1                              2.80    3.93   -1.13 (VIOLATED)
_32495_/I1                              2.80    3.93   -1.13 (VIOLATED)
_39694_/I1                              2.80    3.93   -1.13 (VIOLATED)
_31632_/I1                              2.80    3.93   -1.13 (VIOLATED)
_40748_/I1                              2.80    3.93   -1.13 (VIOLATED)
_36686_/I1                              2.80    3.93   -1.13 (VIOLATED)
_38276_/I1                              2.80    3.92   -1.12 (VIOLATED)
_34901_/I1                              2.80    3.92   -1.12 (VIOLATED)
_33851_/I1                              2.80    3.92   -1.12 (VIOLATED)
_37574_/I1                              2.80    3.92   -1.12 (VIOLATED)
_35227_/I1                              2.80    3.92   -1.12 (VIOLATED)
_34984_/I1                              2.80    3.92   -1.12 (VIOLATED)
_40837_/I1                              2.80    3.92   -1.12 (VIOLATED)
_33922_/I1                              2.80    3.92   -1.12 (VIOLATED)
_36237_/I1                              2.80    3.92   -1.12 (VIOLATED)
_35778_/I1                              2.80    3.92   -1.12 (VIOLATED)
_36217_/I1                              2.80    3.92   -1.12 (VIOLATED)
_35335_/I1                              2.80    3.92   -1.12 (VIOLATED)
_37113_/I1                              2.80    3.92   -1.12 (VIOLATED)
_37206_/I1                              2.80    3.92   -1.12 (VIOLATED)
_39656_/I1                              2.80    3.92   -1.12 (VIOLATED)
_38096_/I1                              2.80    3.92   -1.12 (VIOLATED)
_35796_/I1                              2.80    3.92   -1.12 (VIOLATED)
_41808_/I1                              2.80    3.92   -1.12 (VIOLATED)
_34695_/I1                              2.80    3.92   -1.12 (VIOLATED)
_35065_/I1                              2.80    3.92   -1.12 (VIOLATED)
_33469_/I1                              2.80    3.92   -1.12 (VIOLATED)
_35074_/I1                              2.80    3.92   -1.12 (VIOLATED)
_40225_/I1                              2.80    3.92   -1.12 (VIOLATED)
_35623_/I1                              2.80    3.92   -1.12 (VIOLATED)
_34613_/I1                              2.80    3.92   -1.12 (VIOLATED)
_35874_/I1                              2.80    3.92   -1.12 (VIOLATED)
_33841_/I1                              2.80    3.92   -1.12 (VIOLATED)
_35704_/I1                              2.80    3.92   -1.12 (VIOLATED)
_39496_/I1                              2.80    3.92   -1.12 (VIOLATED)
_38421_/I1                              2.80    3.92   -1.12 (VIOLATED)
_36584_/I1                              2.80    3.92   -1.12 (VIOLATED)
_32099_/I1                              2.80    3.92   -1.12 (VIOLATED)
_32489_/I1                              2.80    3.92   -1.12 (VIOLATED)
_39487_/I1                              2.80    3.92   -1.12 (VIOLATED)
_34974_/I1                              2.80    3.92   -1.12 (VIOLATED)
_35344_/I1                              2.80    3.92   -1.12 (VIOLATED)
_33662_/I1                              2.80    3.92   -1.12 (VIOLATED)
_36044_/I1                              2.80    3.91   -1.11 (VIOLATED)
_36053_/I1                              2.80    3.91   -1.11 (VIOLATED)
_35155_/I1                              2.80    3.91   -1.11 (VIOLATED)
_33362_/I1                              2.80    3.91   -1.11 (VIOLATED)
_40227_/I1                              2.80    3.91   -1.11 (VIOLATED)
_41545_/I1                              2.80    3.91   -1.11 (VIOLATED)
_40834_/I1                              2.80    3.91   -1.11 (VIOLATED)
_38637_/I1                              2.80    3.91   -1.11 (VIOLATED)
_33385_/I1                              2.80    3.91   -1.11 (VIOLATED)
_37319_/I1                              2.80    3.91   -1.11 (VIOLATED)
_37668_/I1                              2.80    3.91   -1.11 (VIOLATED)
_37292_/I1                              2.80    3.91   -1.11 (VIOLATED)
_34804_/I1                              2.80    3.91   -1.11 (VIOLATED)
_35890_/I1                              2.80    3.91   -1.11 (VIOLATED)
_34602_/I1                              2.80    3.91   -1.11 (VIOLATED)
_36196_/I1                              2.80    3.91   -1.11 (VIOLATED)
_32508_/I1                              2.80    3.91   -1.11 (VIOLATED)
_32357_/I1                              2.80    3.91   -1.11 (VIOLATED)
_34791_/I1                              2.80    3.91   -1.11 (VIOLATED)
_38957_/I1                              2.80    3.91   -1.11 (VIOLATED)
_33370_/I1                              2.80    3.91   -1.11 (VIOLATED)
_35164_/I1                              2.80    3.91   -1.11 (VIOLATED)
_40209_/I1                              2.80    3.91   -1.11 (VIOLATED)
_34475_/I1                              2.80    3.91   -1.11 (VIOLATED)
_35054_/I1                              2.80    3.91   -1.11 (VIOLATED)
_33071_/I1                              2.80    3.91   -1.11 (VIOLATED)
_33949_/I1                              2.80    3.91   -1.11 (VIOLATED)
_32998_/I1                              2.80    3.91   -1.11 (VIOLATED)
_38390_/I1                              2.80    3.91   -1.11 (VIOLATED)
_32412_/I1                              2.80    3.91   -1.11 (VIOLATED)
_37033_/I1                              2.80    3.91   -1.11 (VIOLATED)
_37219_/I1                              2.80    3.91   -1.11 (VIOLATED)
_33155_/I1                              2.80    3.91   -1.11 (VIOLATED)
_36286_/I1                              2.80    3.91   -1.11 (VIOLATED)
_36668_/I1                              2.80    3.91   -1.11 (VIOLATED)
_39337_/I1                              2.80    3.91   -1.11 (VIOLATED)
_38930_/I1                              2.80    3.91   -1.11 (VIOLATED)
_38933_/I1                              2.80    3.91   -1.11 (VIOLATED)
_35388_/I1                              2.80    3.91   -1.11 (VIOLATED)
_33381_/I1                              2.80    3.90   -1.10 (VIOLATED)
_37322_/I1                              2.80    3.90   -1.10 (VIOLATED)
_33945_/I1                              2.80    3.90   -1.10 (VIOLATED)
_33395_/I1                              2.80    3.90   -1.10 (VIOLATED)
_39766_/I1                              2.80    3.90   -1.10 (VIOLATED)
_36052_/I1                              2.80    3.90   -1.10 (VIOLATED)
_31752_/I1                              2.80    3.90   -1.10 (VIOLATED)
_33840_/I1                              2.80    3.90   -1.10 (VIOLATED)
_33361_/I1                              2.80    3.90   -1.10 (VIOLATED)
_39690_/I1                              2.80    3.90   -1.10 (VIOLATED)
_36043_/I1                              2.80    3.90   -1.10 (VIOLATED)
_36930_/I1                              2.80    3.90   -1.10 (VIOLATED)
_34512_/I1                              2.80    3.90   -1.10 (VIOLATED)
_39591_/I1                              2.80    3.90   -1.10 (VIOLATED)
_35617_/I1                              2.80    3.90   -1.10 (VIOLATED)
_37576_/I1                              2.80    3.90   -1.10 (VIOLATED)
_39063_/I1                              2.80    3.90   -1.10 (VIOLATED)
_40491_/I1                              2.80    3.90   -1.10 (VIOLATED)
_33565_/I1                              2.80    3.90   -1.10 (VIOLATED)
_35343_/I1                              2.80    3.90   -1.10 (VIOLATED)
_33478_/I1                              2.80    3.90   -1.10 (VIOLATED)
_34897_/I1                              2.80    3.90   -1.10 (VIOLATED)
_37295_/I1                              2.80    3.89   -1.09 (VIOLATED)
_39575_/I1                              2.80    3.89   -1.09 (VIOLATED)
_34601_/I1                              2.80    3.89   -1.09 (VIOLATED)
_36396_/I1                              2.80    3.89   -1.09 (VIOLATED)
_40581_/I1                              2.80    3.89   -1.09 (VIOLATED)
_31874_/I1                              2.80    3.89   -1.09 (VIOLATED)
_35154_/I1                              2.80    3.89   -1.09 (VIOLATED)
_38775_/I1                              2.80    3.89   -1.09 (VIOLATED)
_32573_/I1                              2.80    3.89   -1.09 (VIOLATED)
_39659_/I1                              2.80    3.89   -1.09 (VIOLATED)
_32699_/I1                              2.80    3.89   -1.09 (VIOLATED)
_36654_/I1                              2.80    3.89   -1.09 (VIOLATED)
_33652_/I1                              2.80    3.89   -1.09 (VIOLATED)
_35325_/I1                              2.80    3.89   -1.09 (VIOLATED)
_37871_/I1                              2.80    3.89   -1.09 (VIOLATED)
_34112_/I1                              2.80    3.89   -1.09 (VIOLATED)
_38776_/I1                              2.80    3.89   -1.09 (VIOLATED)
_32886_/I1                              2.80    3.89   -1.09 (VIOLATED)
_32209_/I1                              2.80    3.89   -1.09 (VIOLATED)
_40295_/I1                              2.80    3.89   -1.09 (VIOLATED)
_34650_/I1                              2.80    3.89   -1.09 (VIOLATED)
_37959_/I1                              2.80    3.89   -1.09 (VIOLATED)
_37678_/I1                              2.80    3.88   -1.09 (VIOLATED)
_35334_/I1                              2.80    3.88   -1.08 (VIOLATED)
_35163_/I1                              2.80    3.88   -1.08 (VIOLATED)
_37682_/I1                              2.80    3.88   -1.08 (VIOLATED)
_33069_/I1                              2.80    3.88   -1.08 (VIOLATED)
_41292_/I1                              2.80    3.88   -1.08 (VIOLATED)
_36388_/I1                              2.80    3.87   -1.07 (VIOLATED)
_34019_/I1                              2.80    3.87   -1.07 (VIOLATED)
_33571_/I1                              2.80    3.87   -1.07 (VIOLATED)
_34203_/I1                              2.80    3.86   -1.06 (VIOLATED)
_36225_/I1                              2.80    3.86   -1.06 (VIOLATED)
_35226_/I1                              2.80    3.86   -1.06 (VIOLATED)
_39235_/I1                              2.80    3.86   -1.06 (VIOLATED)
_37742_/I1                              2.80    3.86   -1.06 (VIOLATED)
_38509_/I1                              2.80    3.86   -1.06 (VIOLATED)
_39246_/I1                              2.80    3.86   -1.06 (VIOLATED)
_33350_/I1                              2.80    3.85   -1.05 (VIOLATED)
_36092_/I1                              2.80    3.85   -1.05 (VIOLATED)
_33936_/I1                              2.80    3.85   -1.05 (VIOLATED)
_35040_/I1                              2.80    3.85   -1.05 (VIOLATED)
_36640_/I1                              2.80    3.85   -1.05 (VIOLATED)
_35579_/I1                              2.80    3.85   -1.05 (VIOLATED)
_34468_/I1                              2.80    3.85   -1.05 (VIOLATED)
_32152_/I1                              2.80    3.85   -1.05 (VIOLATED)
_36173_/I1                              2.80    3.85   -1.05 (VIOLATED)
_36182_/I1                              2.80    3.85   -1.05 (VIOLATED)
_31868_/I1                              2.80    3.85   -1.05 (VIOLATED)
_33985_/I1                              2.80    3.84   -1.04 (VIOLATED)
_36573_/I1                              2.80    3.84   -1.04 (VIOLATED)
_34174_/I1                              2.80    3.84   -1.04 (VIOLATED)
_35885_/I1                              2.80    3.84   -1.04 (VIOLATED)
_35948_/I1                              2.80    3.84   -1.04 (VIOLATED)
_32457_/I1                              2.80    3.84   -1.04 (VIOLATED)
_41978_/I1                              2.80    3.84   -1.04 (VIOLATED)
_33118_/I1                              2.80    3.84   -1.04 (VIOLATED)
_36363_/I1                              2.80    3.84   -1.04 (VIOLATED)
_32446_/I1                              2.80    3.84   -1.04 (VIOLATED)
_33030_/I1                              2.80    3.84   -1.04 (VIOLATED)
_34565_/I1                              2.80    3.84   -1.04 (VIOLATED)
_36652_/I1                              2.80    3.84   -1.04 (VIOLATED)
_40109_/I1                              2.80    3.84   -1.04 (VIOLATED)
_36418_/I1                              2.80    3.84   -1.04 (VIOLATED)
_34851_/I1                              2.80    3.84   -1.04 (VIOLATED)
_34151_/I1                              2.80    3.84   -1.04 (VIOLATED)
_35840_/I1                              2.80    3.84   -1.04 (VIOLATED)
_35831_/I1                              2.80    3.84   -1.04 (VIOLATED)
_32577_/I1                              2.80    3.84   -1.04 (VIOLATED)
_31976_/I1                              2.80    3.84   -1.04 (VIOLATED)
_34291_/I1                              2.80    3.84   -1.04 (VIOLATED)
_36333_/I1                              2.80    3.84   -1.04 (VIOLATED)
_35284_/I1                              2.80    3.84   -1.04 (VIOLATED)
_34841_/I1                              2.80    3.83   -1.03 (VIOLATED)
_36836_/I1                              2.80    3.83   -1.03 (VIOLATED)
_37978_/I1                              2.80    3.83   -1.03 (VIOLATED)
_38697_/I1                              2.80    3.83   -1.03 (VIOLATED)
_38155_/I1                              2.80    3.83   -1.03 (VIOLATED)
_36083_/I1                              2.80    3.83   -1.03 (VIOLATED)
_33737_/I1                              2.80    3.82   -1.02 (VIOLATED)
_32929_/I1                              2.80    3.82   -1.02 (VIOLATED)
_37808_/I1                              2.80    3.82   -1.02 (VIOLATED)
_39465_/I1                              2.80    3.82   -1.02 (VIOLATED)
_33574_/I1                              2.80    3.82   -1.02 (VIOLATED)
_39165_/I1                              2.80    3.82   -1.02 (VIOLATED)
_37620_/I1                              2.80    3.82   -1.02 (VIOLATED)
_41606_/I1                              2.80    3.82   -1.02 (VIOLATED)
_41597_/I1                              2.80    3.82   -1.02 (VIOLATED)
_34621_/I1                              2.80    3.82   -1.02 (VIOLATED)
_34907_/I1                              2.80    3.82   -1.02 (VIOLATED)
_32897_/I1                              2.80    3.82   -1.02 (VIOLATED)
_41902_/I1                              2.80    3.82   -1.02 (VIOLATED)
_31914_/I1                              2.80    3.82   -1.02 (VIOLATED)
_35741_/I1                              2.80    3.82   -1.02 (VIOLATED)
_40658_/I1                              2.80    3.82   -1.02 (VIOLATED)
_35158_/I1                              2.80    3.82   -1.02 (VIOLATED)
_39022_/I1                              2.80    3.82   -1.02 (VIOLATED)
_38322_/I1                              2.80    3.82   -1.02 (VIOLATED)
_33164_/I1                              2.80    3.82   -1.02 (VIOLATED)
_32978_/I1                              2.80    3.82   -1.02 (VIOLATED)
_39342_/I1                              2.80    3.82   -1.02 (VIOLATED)
_38393_/I1                              2.80    3.81   -1.01 (VIOLATED)
_36600_/I1                              2.80    3.81   -1.01 (VIOLATED)
_32689_/I1                              2.80    3.81   -1.01 (VIOLATED)
_31845_/I1                              2.80    3.81   -1.01 (VIOLATED)
_41267_/I1                              2.80    3.81   -1.01 (VIOLATED)
_39310_/I1                              2.80    3.81   -1.01 (VIOLATED)
_41450_/I1                              2.80    3.81   -1.01 (VIOLATED)
_41068_/I1                              2.80    3.81   -1.01 (VIOLATED)
_40191_/I1                              2.80    3.81   -1.01 (VIOLATED)
_41584_/I1                              2.80    3.81   -1.01 (VIOLATED)
_41535_/I1                              2.80    3.81   -1.01 (VIOLATED)
_38473_/I1                              2.80    3.81   -1.01 (VIOLATED)
_39938_/I1                              2.80    3.81   -1.01 (VIOLATED)
_41530_/I1                              2.80    3.81   -1.01 (VIOLATED)
_36777_/I1                              2.80    3.81   -1.01 (VIOLATED)
_40083_/I1                              2.80    3.81   -1.01 (VIOLATED)
_35110_/I1                              2.80    3.81   -1.01 (VIOLATED)
_33334_/I1                              2.80    3.81   -1.01 (VIOLATED)
_38402_/I1                              2.80    3.81   -1.01 (VIOLATED)
_34857_/I1                              2.80    3.81   -1.01 (VIOLATED)
_34090_/I1                              2.80    3.81   -1.01 (VIOLATED)
_31962_/I1                              2.80    3.81   -1.01 (VIOLATED)
_40612_/I1                              2.80    3.81   -1.01 (VIOLATED)
_33669_/I1                              2.80    3.81   -1.01 (VIOLATED)
_39740_/I1                              2.80    3.81   -1.01 (VIOLATED)
_38527_/I1                              2.80    3.81   -1.01 (VIOLATED)
_41278_/I1                              2.80    3.81   -1.01 (VIOLATED)
_40012_/I1                              2.80    3.81   -1.01 (VIOLATED)
_41821_/I1                              2.80    3.81   -1.01 (VIOLATED)
_38968_/I1                              2.80    3.80   -1.00 (VIOLATED)
_37538_/I1                              2.80    3.80   -1.00 (VIOLATED)
_39399_/I1                              2.80    3.80   -1.00 (VIOLATED)
_34779_/I1                              2.80    3.80   -1.00 (VIOLATED)
_36037_/I1                              2.80    3.80   -1.00 (VIOLATED)
_38807_/I1                              2.80    3.80   -1.00 (VIOLATED)
_39139_/I1                              2.80    3.80   -1.00 (VIOLATED)
_38666_/I1                              2.80    3.80   -1.00 (VIOLATED)
_42042_/I1                              2.80    3.80   -1.00 (VIOLATED)
_37197_/I1                              2.80    3.80   -1.00 (VIOLATED)
_42051_/I1                              2.80    3.80   -1.00 (VIOLATED)
_35516_/I1                              2.80    3.79   -0.99 (VIOLATED)
_34802_/I1                              2.80    3.79   -0.99 (VIOLATED)
_36290_/I1                              2.80    3.79   -0.99 (VIOLATED)
_36245_/I1                              2.80    3.79   -0.99 (VIOLATED)
_40770_/I1                              2.80    3.79   -0.99 (VIOLATED)
_39319_/I1                              2.80    3.79   -0.99 (VIOLATED)
_35356_/I1                              2.80    3.79   -0.99 (VIOLATED)
_41870_/I1                              2.80    3.79   -0.99 (VIOLATED)
_33815_/I1                              2.80    3.79   -0.99 (VIOLATED)
_35401_/I1                              2.80    3.79   -0.99 (VIOLATED)
_33894_/I1                              2.80    3.79   -0.99 (VIOLATED)
_33628_/I1                              2.80    3.79   -0.99 (VIOLATED)
_35633_/I1                              2.80    3.79   -0.99 (VIOLATED)
_40217_/I1                              2.80    3.79   -0.99 (VIOLATED)
_34555_/I1                              2.80    3.79   -0.99 (VIOLATED)
_35130_/I1                              2.80    3.79   -0.99 (VIOLATED)
_35104_/I1                              2.80    3.79   -0.99 (VIOLATED)
_32340_/I1                              2.80    3.79   -0.99 (VIOLATED)
_33976_/I1                              2.80    3.79   -0.99 (VIOLATED)
_39220_/I1                              2.80    3.79   -0.99 (VIOLATED)
_34625_/I1                              2.80    3.79   -0.99 (VIOLATED)
_34339_/I1                              2.80    3.78   -0.98 (VIOLATED)
_38878_/I1                              2.80    3.78   -0.98 (VIOLATED)
_34010_/I1                              2.80    3.78   -0.98 (VIOLATED)
_32218_/I1                              2.80    3.78   -0.98 (VIOLATED)
_37789_/I1                              2.80    3.78   -0.98 (VIOLATED)
_39053_/I1                              2.80    3.78   -0.98 (VIOLATED)
_40720_/I1                              2.80    3.78   -0.98 (VIOLATED)
_36959_/I1                              2.80    3.78   -0.98 (VIOLATED)
_32121_/I1                              2.80    3.78   -0.98 (VIOLATED)
_40550_/I1                              2.80    3.78   -0.98 (VIOLATED)
_35561_/I1                              2.80    3.78   -0.98 (VIOLATED)
_33908_/I1                              2.80    3.78   -0.98 (VIOLATED)
_35755_/I1                              2.80    3.78   -0.98 (VIOLATED)
_32674_/I1                              2.80    3.78   -0.98 (VIOLATED)
_35818_/I1                              2.80    3.78   -0.98 (VIOLATED)
_32214_/I1                              2.80    3.78   -0.98 (VIOLATED)
_36263_/I1                              2.80    3.78   -0.98 (VIOLATED)
_36272_/I1                              2.80    3.78   -0.98 (VIOLATED)
_38355_/I1                              2.80    3.78   -0.98 (VIOLATED)
_33527_/I1                              2.80    3.78   -0.98 (VIOLATED)
_32874_/I1                              2.80    3.78   -0.98 (VIOLATED)
_38518_/I1                              2.80    3.78   -0.98 (VIOLATED)
_32281_/I1                              2.80    3.78   -0.98 (VIOLATED)
_32945_/I1                              2.80    3.78   -0.98 (VIOLATED)
_40429_/I1                              2.80    3.78   -0.98 (VIOLATED)
_33999_/I1                              2.80    3.78   -0.98 (VIOLATED)
_36893_/I1                              2.80    3.78   -0.98 (VIOLATED)
_32647_/I1                              2.80    3.78   -0.98 (VIOLATED)
_32939_/I1                              2.80    3.78   -0.98 (VIOLATED)
_39812_/I1                              2.80    3.78   -0.98 (VIOLATED)
_35693_/I1                              2.80    3.78   -0.98 (VIOLATED)
_33408_/I1                              2.80    3.78   -0.98 (VIOLATED)
_32708_/I1                              2.80    3.78   -0.98 (VIOLATED)
_34670_/I1                              2.80    3.78   -0.98 (VIOLATED)
_36871_/I0                              2.80    3.78   -0.98 (VIOLATED)
_37024_/I1                              2.80    3.78   -0.98 (VIOLATED)
_34915_/I1                              2.80    3.77   -0.97 (VIOLATED)
_35712_/I1                              2.80    3.77   -0.97 (VIOLATED)
_33829_/I1                              2.80    3.77   -0.97 (VIOLATED)
_36809_/I1                              2.80    3.77   -0.97 (VIOLATED)
_39685_/I1                              2.80    3.77   -0.97 (VIOLATED)
_34216_/I1                              2.80    3.77   -0.97 (VIOLATED)
_34022_/I1                              2.80    3.77   -0.97 (VIOLATED)
_33168_/I1                              2.80    3.77   -0.97 (VIOLATED)
_41440_/I1                              2.80    3.77   -0.97 (VIOLATED)
_36397_/I1                              2.80    3.77   -0.97 (VIOLATED)
_34533_/I1                              2.80    3.77   -0.97 (VIOLATED)
_40290_/I1                              2.80    3.76   -0.96 (VIOLATED)
_39239_/I1                              2.80    3.76   -0.96 (VIOLATED)
_37979_/I1                              2.80    3.76   -0.96 (VIOLATED)
_37367_/I1                              2.80    3.76   -0.96 (VIOLATED)
_33805_/I1                              2.80    3.76   -0.96 (VIOLATED)
_36676_/I1                              2.80    3.76   -0.96 (VIOLATED)
_31606_/I1                              2.80    3.76   -0.96 (VIOLATED)
_37143_/I1                              2.80    3.76   -0.96 (VIOLATED)
_41860_/I1                              2.80    3.76   -0.96 (VIOLATED)
_36818_/I1                              2.80    3.76   -0.96 (VIOLATED)
_33201_/I1                              2.80    3.75   -0.95 (VIOLATED)
_35786_/I1                              2.80    3.75   -0.95 (VIOLATED)
_33507_/I1                              2.80    3.75   -0.95 (VIOLATED)
_40739_/I1                              2.80    3.75   -0.95 (VIOLATED)
_41008_/I1                              2.80    3.75   -0.95 (VIOLATED)
_38033_/I1                              2.80    3.75   -0.95 (VIOLATED)
_38196_/I1                              2.80    3.74   -0.94 (VIOLATED)
_34009_/I1                              2.80    3.74   -0.94 (VIOLATED)
_38342_/I1                              2.80    3.74   -0.94 (VIOLATED)
_33536_/I1                              2.80    3.74   -0.94 (VIOLATED)
_37700_/I1                              2.80    3.74   -0.94 (VIOLATED)
_38366_/I1                              2.80    3.74   -0.94 (VIOLATED)
_41332_/I1                              2.80    3.74   -0.94 (VIOLATED)
_31718_/I1                              2.80    3.74   -0.94 (VIOLATED)
_41386_/I1                              2.80    3.74   -0.94 (VIOLATED)
_32494_/I1                              2.80    3.74   -0.94 (VIOLATED)
_40980_/I1                              2.80    3.73   -0.93 (VIOLATED)
_37672_/I1                              2.80    3.73   -0.93 (VIOLATED)
_32767_/I1                              2.80    3.73   -0.93 (VIOLATED)
_35509_/I1                              2.80    3.73   -0.93 (VIOLATED)
_33159_/I1                              2.80    3.73   -0.93 (VIOLATED)
_35392_/I1                              2.80    3.73   -0.93 (VIOLATED)
_31966_/I1                              2.80    3.73   -0.93 (VIOLATED)
_41968_/I1                              2.80    3.73   -0.93 (VIOLATED)
_31857_/I1                              2.80    3.72   -0.92 (VIOLATED)
_32915_/I1                              2.80    3.72   -0.92 (VIOLATED)
_38644_/I1                              2.80    3.72   -0.92 (VIOLATED)
_34516_/I1                              2.80    3.72   -0.92 (VIOLATED)
_35068_/I1                              2.80    3.72   -0.92 (VIOLATED)
_42033_/I1                              2.80    3.72   -0.92 (VIOLATED)
_34968_/I1                              2.80    3.71   -0.91 (VIOLATED)
_35687_/I1                              2.80    3.71   -0.91 (VIOLATED)
_34458_/I1                              2.80    3.71   -0.91 (VIOLATED)
_34398_/I1                              2.80    3.71   -0.91 (VIOLATED)
_37502_/I1                              2.80    3.71   -0.91 (VIOLATED)
_33344_/I1                              2.80    3.71   -0.91 (VIOLATED)
_38703_/I1                              2.80    3.71   -0.91 (VIOLATED)
_34405_/I1                              2.80    3.71   -0.91 (VIOLATED)
_38173_/I1                              2.80    3.71   -0.91 (VIOLATED)
_40124_/I1                              2.80    3.71   -0.91 (VIOLATED)
_38869_/I1                              2.80    3.71   -0.91 (VIOLATED)
_37737_/I1                              2.80    3.71   -0.91 (VIOLATED)
_39229_/I1                              2.80    3.71   -0.91 (VIOLATED)
_32306_/I1                              2.80    3.71   -0.91 (VIOLATED)
_37422_/I1                              2.80    3.71   -0.91 (VIOLATED)
_39430_/I1                              2.80    3.71   -0.91 (VIOLATED)
_35854_/I1                              2.80    3.71   -0.91 (VIOLATED)
_35045_/I1                              2.80    3.71   -0.91 (VIOLATED)
_35980_/I1                              2.80    3.71   -0.91 (VIOLATED)
_34424_/I1                              2.80    3.71   -0.91 (VIOLATED)
_35548_/I1                              2.80    3.71   -0.91 (VIOLATED)
_35135_/I1                              2.80    3.70   -0.90 (VIOLATED)
_36187_/I1                              2.80    3.70   -0.90 (VIOLATED)
_35764_/I1                              2.80    3.70   -0.90 (VIOLATED)
_33633_/I1                              2.80    3.70   -0.90 (VIOLATED)
_36474_/I1                              2.80    3.70   -0.90 (VIOLATED)
_32956_/I1                              2.80    3.70   -0.90 (VIOLATED)
_37121_/I1                              2.80    3.70   -0.90 (VIOLATED)
_36610_/I1                              2.80    3.70   -0.90 (VIOLATED)
_33046_/I1                              2.80    3.70   -0.90 (VIOLATED)
_33869_/I1                              2.80    3.70   -0.90 (VIOLATED)
_41553_/I1                              2.80    3.70   -0.90 (VIOLATED)
_32350_/I1                              2.80    3.70   -0.90 (VIOLATED)
_40133_/I1                              2.80    3.70   -0.90 (VIOLATED)
_38590_/I1                              2.80    3.70   -0.90 (VIOLATED)
_39503_/I1                              2.80    3.70   -0.90 (VIOLATED)
_35604_/I1                              2.80    3.70   -0.90 (VIOLATED)
_34202_/I1                              2.80    3.70   -0.90 (VIOLATED)
_32170_/I1                              2.80    3.70   -0.90 (VIOLATED)
_37002_/I1                              2.80    3.70   -0.90 (VIOLATED)
_32804_/I1                              2.80    3.70   -0.90 (VIOLATED)
_38901_/I1                              2.80    3.70   -0.90 (VIOLATED)
_38660_/I1                              2.80    3.69   -0.89 (VIOLATED)
_32227_/I1                              2.80    3.69   -0.89 (VIOLATED)
_36510_/I0                              2.80    3.69   -0.89 (VIOLATED)
_34790_/I1                              2.80    3.69   -0.89 (VIOLATED)
_32885_/I1                              2.80    3.69   -0.89 (VIOLATED)
_36858_/I1                              2.80    3.69   -0.89 (VIOLATED)
_34101_/I1                              2.80    3.69   -0.89 (VIOLATED)
_34729_/I1                              2.80    3.69   -0.89 (VIOLATED)
_33697_/I1                              2.80    3.69   -0.89 (VIOLATED)
_38919_/I1                              2.80    3.69   -0.89 (VIOLATED)
_36559_/I1                              2.80    3.69   -0.89 (VIOLATED)
_35566_/I1                              2.80    3.69   -0.89 (VIOLATED)
_35217_/I1                              2.80    3.68   -0.88 (VIOLATED)
_35308_/I1                              2.80    3.68   -0.88 (VIOLATED)
_33098_/I1                              2.80    3.68   -0.88 (VIOLATED)
_36118_/I1                              2.80    3.68   -0.88 (VIOLATED)
_37134_/I1                              2.80    3.68   -0.88 (VIOLATED)
_36737_/I1                              2.80    3.67   -0.87 (VIOLATED)
_35326_/I1                              2.80    3.67   -0.87 (VIOLATED)
_37987_/I1                              2.80    3.67   -0.87 (VIOLATED)
_36297_/I1                              2.80    3.67   -0.87 (VIOLATED)
_39120_/I1                              2.80    3.67   -0.87 (VIOLATED)
_37168_/I1                              2.80    3.67   -0.87 (VIOLATED)
_38742_/I1                              2.80    3.67   -0.87 (VIOLATED)
_39282_/I1                              2.80    3.67   -0.87 (VIOLATED)
_41206_/I1                              2.80    3.67   -0.87 (VIOLATED)
_40118_/I1                              2.80    3.67   -0.87 (VIOLATED)
_33738_/I1                              2.80    3.67   -0.87 (VIOLATED)
_41350_/I1                              2.80    3.67   -0.87 (VIOLATED)
_39919_/I1                              2.80    3.67   -0.87 (VIOLATED)
_39674_/I1                              2.80    3.67   -0.87 (VIOLATED)
_41790_/I1                              2.80    3.67   -0.87 (VIOLATED)
_32066_/I1                              2.80    3.67   -0.87 (VIOLATED)
_39929_/I1                              2.80    3.67   -0.87 (VIOLATED)
_41341_/I1                              2.80    3.67   -0.87 (VIOLATED)
_34013_/I1                              2.80    3.67   -0.87 (VIOLATED)
_35347_/I1                              2.80    3.67   -0.87 (VIOLATED)
_35750_/I1                              2.80    3.67   -0.87 (VIOLATED)
_36826_/I1                              2.80    3.67   -0.87 (VIOLATED)
_35868_/I1                              2.80    3.67   -0.87 (VIOLATED)
_36469_/I1                              2.80    3.67   -0.87 (VIOLATED)
_33656_/I1                              2.80    3.67   -0.87 (VIOLATED)
_35329_/I1                              2.80    3.66   -0.86 (VIOLATED)
_38182_/I1                              2.80    3.66   -0.86 (VIOLATED)
_36915_/I1                              2.80    3.66   -0.86 (VIOLATED)
_37097_/I1                              2.80    3.66   -0.86 (VIOLATED)
_41178_/I1                              2.80    3.66   -0.86 (VIOLATED)
_40828_/I1                              2.80    3.66   -0.86 (VIOLATED)
_34283_/I1                              2.80    3.66   -0.86 (VIOLATED)
_37187_/I1                              2.80    3.66   -0.86 (VIOLATED)
_36391_/I1                              2.80    3.66   -0.86 (VIOLATED)
_37006_/I1                              2.80    3.66   -0.86 (VIOLATED)
_39947_/I1                              2.80    3.66   -0.86 (VIOLATED)
_33601_/I1                              2.80    3.66   -0.86 (VIOLATED)
_37717_/I1                              2.80    3.66   -0.86 (VIOLATED)
_35608_/I1                              2.80    3.65   -0.85 (VIOLATED)
_33501_/I1                              2.80    3.65   -0.85 (VIOLATED)
_38598_/I1                              2.80    3.65   -0.85 (VIOLATED)
_41880_/I1                              2.80    3.65   -0.85 (VIOLATED)
_40574_/I1                              2.80    3.65   -0.85 (VIOLATED)
_34882_/I1                              2.80    3.65   -0.85 (VIOLATED)
_40299_/I1                              2.80    3.65   -0.85 (VIOLATED)
_41889_/I1                              2.80    3.65   -0.85 (VIOLATED)
_34963_/I1                              2.80    3.65   -0.85 (VIOLATED)
_34605_/I1                              2.80    3.64   -0.84 (VIOLATED)
_35167_/I1                              2.80    3.64   -0.84 (VIOLATED)
_39154_/I1                              2.80    3.64   -0.84 (VIOLATED)
_31784_/I1                              2.80    3.64   -0.84 (VIOLATED)
_35877_/I1                              2.80    3.64   -0.84 (VIOLATED)
_41898_/I1                              2.80    3.64   -0.84 (VIOLATED)
_32230_/I1                              2.80    3.64   -0.84 (VIOLATED)
_39774_/I1                              2.80    3.63   -0.83 (VIOLATED)
_34428_/I1                              2.80    3.63   -0.83 (VIOLATED)
_31732_/I1                              2.80    3.63   -0.83 (VIOLATED)
_35175_/I1                              2.80    3.63   -0.83 (VIOLATED)
_36628_/I1                              2.80    3.63   -0.83 (VIOLATED)
_35052_/I1                              2.80    3.62   -0.82 (VIOLATED)
_34031_/I1                              2.80    3.62   -0.82 (VIOLATED)
_35118_/I1                              2.80    3.62   -0.82 (VIOLATED)
_38688_/I1                              2.80    3.62   -0.82 (VIOLATED)
_41287_/I1                              2.80    3.62   -0.82 (VIOLATED)
_37051_/I1                              2.80    3.61   -0.81 (VIOLATED)
_33488_/I1                              2.80    3.61   -0.81 (VIOLATED)
_38977_/I1                              2.80    3.61   -0.81 (VIOLATED)
_33004_/I1                              2.80    3.61   -0.81 (VIOLATED)
_39963_/I1                              2.80    3.61   -0.81 (VIOLATED)
_40842_/I1                              2.80    3.61   -0.81 (VIOLATED)
_37211_/I1                              2.80    3.61   -0.81 (VIOLATED)
_33859_/I1                              2.80    3.61   -0.81 (VIOLATED)
_32087_/I1                              2.80    3.61   -0.81 (VIOLATED)
_40232_/I1                              2.80    3.61   -0.81 (VIOLATED)
_37841_/I1                              2.80    3.61   -0.81 (VIOLATED)
_32079_/I1                              2.80    3.61   -0.81 (VIOLATED)
_39600_/I1                              2.80    3.61   -0.81 (VIOLATED)
_40570_/I1                              2.80    3.60   -0.80 (VIOLATED)
_32905_/I1                              2.80    3.60   -0.80 (VIOLATED)
_33461_/I1                              2.80    3.60   -0.80 (VIOLATED)
_36028_/I1                              2.80    3.60   -0.80 (VIOLATED)
_38617_/I1                              2.80    3.59   -0.79 (VIOLATED)
_42073_/I1                              2.80    3.59   -0.79 (VIOLATED)
_41097_/I1                              2.80    3.59   -0.79 (VIOLATED)
_37898_/I1                              2.80    3.59   -0.79 (VIOLATED)
_34713_/I1                              2.80    3.58   -0.78 (VIOLATED)
_41026_/I1                              2.80    3.58   -0.78 (VIOLATED)
_41629_/I1                              2.80    3.58   -0.78 (VIOLATED)
_37994_/I1                              2.80    3.58   -0.78 (VIOLATED)
_37743_/I1                              2.80    3.58   -0.78 (VIOLATED)
_40649_/I1                              2.80    3.58   -0.78 (VIOLATED)
_32372_/I1                              2.80    3.58   -0.78 (VIOLATED)
_38707_/I1                              2.80    3.58   -0.78 (VIOLATED)
_40388_/I1                              2.80    3.57   -0.77 (VIOLATED)
_41185_/I1                              2.80    3.57   -0.77 (VIOLATED)
_41095_/I1                              2.80    3.56   -0.76 (VIOLATED)
_36296_/I1                              2.80    3.56   -0.76 (VIOLATED)
_37032_/I1                              2.80    3.56   -0.76 (VIOLATED)
_39693_/I1                              2.80    3.56   -0.76 (VIOLATED)
_38815_/I1                              2.80    3.56   -0.76 (VIOLATED)
_41286_/I1                              2.80    3.56   -0.76 (VIOLATED)
_41463_/I1                              2.80    3.56   -0.76 (VIOLATED)
_40747_/I1                              2.80    3.56   -0.76 (VIOLATED)
_38095_/I1                              2.80    3.56   -0.76 (VIOLATED)
_40584_/I1                              2.80    3.56   -0.76 (VIOLATED)
_33077_/I1                              2.80    3.56   -0.76 (VIOLATED)
_36236_/I1                              2.80    3.55   -0.75 (VIOLATED)
_36215_/I1                              2.80    3.55   -0.75 (VIOLATED)
_35777_/I1                              2.80    3.55   -0.75 (VIOLATED)
_36146_/I1                              2.80    3.55   -0.75 (VIOLATED)
_37996_/I1                              2.80    3.55   -0.75 (VIOLATED)
_37870_/I1                              2.80    3.55   -0.75 (VIOLATED)
_38932_/I1                              2.80    3.55   -0.75 (VIOLATED)
_33105_/I1                              2.80    3.54   -0.74 (VIOLATED)
_34976_/I1                              2.80    3.54   -0.74 (VIOLATED)
_33277_/I1                              2.80    3.54   -0.74 (VIOLATED)
_36390_/I1                              2.80    3.54   -0.74 (VIOLATED)
_32488_/I1                              2.80    3.54   -0.74 (VIOLATED)
_41116_/I1                              2.80    3.54   -0.74 (VIOLATED)
_40047_/I1                              2.80    3.54   -0.74 (VIOLATED)
_33300_/I1                              2.80    3.54   -0.74 (VIOLATED)
_39236_/I1                              2.80    3.53   -0.73 (VIOLATED)
_32798_/I1                              2.80    3.53   -0.73 (VIOLATED)
_33183_/I1                              2.80    3.53   -0.73 (VIOLATED)
_32788_/I1                              2.80    3.53   -0.73 (VIOLATED)
_35420_/I1                              2.80    3.53   -0.73 (VIOLATED)
_36487_/I1                              2.80    3.53   -0.73 (VIOLATED)
_31986_/I1                              2.80    3.53   -0.73 (VIOLATED)
_38982_/I1                              2.80    3.53   -0.73 (VIOLATED)
_32587_/I1                              2.80    3.53   -0.73 (VIOLATED)
_33921_/I1                              2.80    3.53   -0.73 (VIOLATED)
_37224_/I1                              2.80    3.53   -0.73 (VIOLATED)
_33278_/I1                              2.80    3.53   -0.73 (VIOLATED)
_33394_/I1                              2.80    3.53   -0.73 (VIOLATED)
_35247_/I1                              2.80    3.53   -0.73 (VIOLATED)
_34900_/I1                              2.80    3.53   -0.73 (VIOLATED)
_35256_/I1                              2.80    3.53   -0.73 (VIOLATED)
_39604_/I1                              2.80    3.53   -0.73 (VIOLATED)
_31654_/I1                              2.80    3.52   -0.72 (VIOLATED)
_40387_/I1                              2.80    3.52   -0.72 (VIOLATED)
_38976_/I1                              2.80    3.52   -0.72 (VIOLATED)
_37385_/I1                              2.80    3.52   -0.72 (VIOLATED)
_40917_/I1                              2.80    3.52   -0.72 (VIOLATED)
_41969_/I1                              2.80    3.52   -0.72 (VIOLATED)
_41987_/I1                              2.80    3.52   -0.72 (VIOLATED)
_41096_/I1                              2.80    3.52   -0.72 (VIOLATED)
_40038_/I1                              2.80    3.52   -0.72 (VIOLATED)
_39847_/I1                              2.80    3.52   -0.72 (VIOLATED)
_32198_/I1                              2.80    3.52   -0.72 (VIOLATED)
_34712_/I1                              2.80    3.52   -0.72 (VIOLATED)
_35966_/I1                              2.80    3.52   -0.72 (VIOLATED)
_33384_/I1                              2.80    3.52   -0.72 (VIOLATED)
_39415_/I1                              2.80    3.51   -0.71 (VIOLATED)
_36860_/I1                              2.80    3.51   -0.71 (VIOLATED)
_41806_/I1                              2.80    3.51   -0.71 (VIOLATED)
_34793_/I1                              2.80    3.51   -0.71 (VIOLATED)
_38622_/I1                              2.80    3.51   -0.71 (VIOLATED)
_35253_/I1                              2.80    3.51   -0.71 (VIOLATED)
_35244_/I1                              2.80    3.51   -0.71 (VIOLATED)
_41544_/I1                              2.80    3.51   -0.71 (VIOLATED)
_32410_/I1                              2.80    3.51   -0.71 (VIOLATED)
_35435_/I1                              2.80    3.51   -0.71 (VIOLATED)
_39946_/I1                              2.80    3.51   -0.71 (VIOLATED)
_37294_/I1                              2.80    3.51   -0.71 (VIOLATED)
_41538_/I1                              2.80    3.51   -0.71 (VIOLATED)
_38005_/I1                              2.80    3.50   -0.70 (VIOLATED)
_40918_/I1                              2.80    3.50   -0.70 (VIOLATED)
_36038_/I1                              2.80    3.50   -0.70 (VIOLATED)
_34699_/I1                              2.80    3.50   -0.70 (VIOLATED)
_39658_/I1                              2.80    3.50   -0.70 (VIOLATED)
_39789_/I1                              2.80    3.50   -0.70 (VIOLATED)
_36116_/I1                              2.80    3.50   -0.70 (VIOLATED)
_38176_/I1                              2.80    3.50   -0.70 (VIOLATED)
_35957_/I1                              2.80    3.50   -0.70 (VIOLATED)
_33075_/I1                              2.80    3.50   -0.70 (VIOLATED)
_34206_/I1                              2.80    3.50   -0.70 (VIOLATED)
_34604_/I1                              2.80    3.50   -0.70 (VIOLATED)
_33471_/I1                              2.80    3.50   -0.70 (VIOLATED)
_37896_/I1                              2.80    3.50   -0.70 (VIOLATED)
_36227_/I1                              2.80    3.50   -0.70 (VIOLATED)
_35417_/I1                              2.80    3.50   -0.70 (VIOLATED)
_36495_/I1                              2.80    3.50   -0.70 (VIOLATED)
_32586_/I1                              2.80    3.50   -0.70 (VIOLATED)
_32197_/I1                              2.80    3.50   -0.70 (VIOLATED)
_34321_/I1                              2.80    3.50   -0.70 (VIOLATED)
_36486_/I1                              2.80    3.50   -0.70 (VIOLATED)
_32310_/I1                              2.80    3.50   -0.70 (VIOLATED)
_32797_/I1                              2.80    3.50   -0.70 (VIOLATED)
_40208_/I1                              2.80    3.50   -0.70 (VIOLATED)
_33393_/I1                              2.80    3.49   -0.69 (VIOLATED)
_32207_/I1                              2.80    3.49   -0.69 (VIOLATED)
_37643_/I1                              2.80    3.49   -0.69 (VIOLATED)
_34899_/I1                              2.80    3.49   -0.69 (VIOLATED)
_38392_/I1                              2.80    3.49   -0.69 (VIOLATED)
_35619_/I1                              2.80    3.49   -0.69 (VIOLATED)
_35606_/I1                              2.80    3.49   -0.69 (VIOLATED)
_34281_/I1                              2.80    3.49   -0.69 (VIOLATED)
_39759_/I1                              2.80    3.49   -0.69 (VIOLATED)
_36213_/I1                              2.80    3.49   -0.69 (VIOLATED)
_34792_/I1                              2.80    3.49   -0.69 (VIOLATED)
_36496_/I1                              2.80    3.49   -0.69 (VIOLATED)
_36145_/I1                              2.80    3.49   -0.69 (VIOLATED)
_36684_/I1                              2.80    3.49   -0.69 (VIOLATED)
_36235_/I1                              2.80    3.49   -0.69 (VIOLATED)
_35345_/I1                              2.80    3.49   -0.69 (VIOLATED)
_38814_/I1                              2.80    3.49   -0.69 (VIOLATED)
_32496_/I1                              2.80    3.49   -0.69 (VIOLATED)
_34113_/I1                              2.80    3.49   -0.69 (VIOLATED)
_35067_/I1                              2.80    3.49   -0.69 (VIOLATED)
_38568_/I1                              2.80    3.49   -0.69 (VIOLATED)
_33947_/I1                              2.80    3.49   -0.69 (VIOLATED)
_35875_/I1                              2.80    3.49   -0.69 (VIOLATED)
_38094_/I1                              2.80    3.48   -0.68 (VIOLATED)
_38894_/I1                              2.80    3.48   -0.68 (VIOLATED)
_36808_/I1                              2.80    3.48   -0.68 (VIOLATED)
_34214_/I1                              2.80    3.48   -0.68 (VIOLATED)
_38625_/I1                              2.80    3.48   -0.68 (VIOLATED)
_40485_/I1                              2.80    3.48   -0.68 (VIOLATED)
_32391_/I1                              2.80    3.48   -0.68 (VIOLATED)
_36313_/I1                              2.80    3.48   -0.68 (VIOLATED)
_32597_/I1                              2.80    3.48   -0.68 (VIOLATED)
_38706_/I1                              2.80    3.47   -0.67 (VIOLATED)
_34311_/I1                              2.80    3.47   -0.67 (VIOLATED)
_36315_/I1                              2.80    3.47   -0.67 (VIOLATED)
_39524_/I0                              2.80    3.47   -0.67 (VIOLATED)
_37881_/I1                              2.80    3.47   -0.67 (VIOLATED)
_39086_/I1                              2.80    3.47   -0.67 (VIOLATED)
_37494_/I1                              2.80    3.47   -0.67 (VIOLATED)
_40721_/I1                              2.80    3.47   -0.67 (VIOLATED)
_39560_/I1                              2.80    3.47   -0.67 (VIOLATED)
_34417_/I1                              2.80    3.47   -0.67 (VIOLATED)
_40873_/I1                              2.80    3.47   -0.67 (VIOLATED)
_41782_/I1                              2.80    3.47   -0.67 (VIOLATED)
_40291_/I1                              2.80    3.47   -0.67 (VIOLATED)
_35535_/I1                              2.80    3.47   -0.67 (VIOLATED)
_31894_/I1                              2.80    3.47   -0.67 (VIOLATED)
_41522_/I1                              2.80    3.47   -0.67 (VIOLATED)
_39992_/I1                              2.80    3.47   -0.67 (VIOLATED)
_33746_/I1                              2.80    3.47   -0.67 (VIOLATED)
_34104_/I1                              2.80    3.46   -0.66 (VIOLATED)
_34282_/I1                              2.80    3.46   -0.66 (VIOLATED)
_32977_/I1                              2.80    3.46   -0.66 (VIOLATED)
_35795_/I1                              2.80    3.46   -0.66 (VIOLATED)
_39595_/I1                              2.80    3.46   -0.66 (VIOLATED)
_37107_/I1                              2.80    3.46   -0.66 (VIOLATED)
_35958_/I1                              2.80    3.46   -0.66 (VIOLATED)
_38268_/I1                              2.80    3.46   -0.66 (VIOLATED)
_40925_/I1                              2.80    3.46   -0.66 (VIOLATED)
_41285_/I1                              2.80    3.45   -0.65 (VIOLATED)
_36784_/I1                              2.80    3.45   -0.65 (VIOLATED)
_32050_/I1                              2.80    3.45   -0.65 (VIOLATED)
_32191_/I1                              2.80    3.45   -0.65 (VIOLATED)
_38143_/I1                              2.80    3.45   -0.65 (VIOLATED)
_36171_/I1                              2.80    3.45   -0.65 (VIOLATED)
_36180_/I1                              2.80    3.45   -0.65 (VIOLATED)
_35838_/I1                              2.80    3.45   -0.65 (VIOLATED)
_35829_/I1                              2.80    3.45   -0.65 (VIOLATED)
_36288_/I1                              2.80    3.45   -0.65 (VIOLATED)
_36243_/I1                              2.80    3.44   -0.64 (VIOLATED)
_33854_/I1                              2.80    3.44   -0.64 (VIOLATED)
_41986_/I1                              2.80    3.44   -0.64 (VIOLATED)
_35883_/I1                              2.80    3.44   -0.64 (VIOLATED)
_35946_/I1                              2.80    3.44   -0.64 (VIOLATED)
_34684_/I1                              2.80    3.44   -0.64 (VIOLATED)
_34302_/I1                              2.80    3.44   -0.64 (VIOLATED)
_34273_/I1                              2.80    3.44   -0.64 (VIOLATED)
_32778_/I1                              2.80    3.44   -0.64 (VIOLATED)
_35678_/I1                              2.80    3.44   -0.64 (VIOLATED)
_33673_/I1                              2.80    3.44   -0.64 (VIOLATED)
_38670_/I1                              2.80    3.44   -0.64 (VIOLATED)
_32656_/I1                              2.80    3.44   -0.64 (VIOLATED)
_41976_/I1                              2.80    3.44   -0.64 (VIOLATED)
_34783_/I1                              2.80    3.44   -0.64 (VIOLATED)
_34225_/I1                              2.80    3.44   -0.64 (VIOLATED)
_35238_/I1                              2.80    3.44   -0.64 (VIOLATED)
_33267_/I1                              2.80    3.44   -0.64 (VIOLATED)
_39327_/I1                              2.80    3.44   -0.64 (VIOLATED)
_34563_/I1                              2.80    3.44   -0.64 (VIOLATED)
_34094_/I1                              2.80    3.44   -0.64 (VIOLATED)
_36354_/I1                              2.80    3.44   -0.64 (VIOLATED)
_39104_/I1                              2.80    3.44   -0.64 (VIOLATED)
_41747_/I1                              2.80    3.44   -0.64 (VIOLATED)
_40524_/I1                              2.80    3.44   -0.64 (VIOLATED)
_33616_/I1                              2.80    3.44   -0.64 (VIOLATED)
_39633_/I1                              2.80    3.44   -0.64 (VIOLATED)
_31918_/I1                              2.80    3.44   -0.64 (VIOLATED)
_32455_/I1                              2.80    3.44   -0.64 (VIOLATED)
_32878_/I1                              2.80    3.44   -0.64 (VIOLATED)
_32987_/I1                              2.80    3.44   -0.64 (VIOLATED)
_36478_/I1                              2.80    3.44   -0.64 (VIOLATED)
_39692_/I1                              2.80    3.44   -0.64 (VIOLATED)
_39039_/I1                              2.80    3.44   -0.64 (VIOLATED)
_33974_/I1                              2.80    3.44   -0.64 (VIOLATED)
_39856_/I1                              2.80    3.44   -0.64 (VIOLATED)
_31664_/I1                              2.80    3.44   -0.64 (VIOLATED)
_41710_/I1                              2.80    3.44   -0.64 (VIOLATED)
_40396_/I1                              2.80    3.44   -0.64 (VIOLATED)
_38829_/I1                              2.80    3.43   -0.63 (VIOLATED)
_36674_/I1                              2.80    3.43   -0.63 (VIOLATED)
_34289_/I1                              2.80    3.43   -0.63 (VIOLATED)
_31773_/I1                              2.80    3.43   -0.63 (VIOLATED)
_32444_/I1                              2.80    3.43   -0.63 (VIOLATED)
_39513_/I1                              2.80    3.43   -0.63 (VIOLATED)
_41617_/I1                              2.80    3.43   -0.63 (VIOLATED)
_41053_/I1                              2.80    3.43   -0.63 (VIOLATED)
_41548_/I1                              2.80    3.43   -0.63 (VIOLATED)
_37836_/I1                              2.80    3.43   -0.63 (VIOLATED)
_36400_/I1                              2.80    3.43   -0.63 (VIOLATED)
_35508_/I1                              2.80    3.43   -0.63 (VIOLATED)
_34674_/I1                              2.80    3.43   -0.63 (VIOLATED)
_36638_/I1                              2.80    3.43   -0.63 (VIOLATED)
_41465_/I1                              2.80    3.43   -0.63 (VIOLATED)
_34967_/I1                              2.80    3.43   -0.63 (VIOLATED)
_41115_/I1                              2.80    3.43   -0.63 (VIOLATED)
_33040_/I1                              2.80    3.43   -0.63 (VIOLATED)
_32523_/I1                              2.80    3.43   -0.63 (VIOLATED)
_34466_/I1                              2.80    3.43   -0.63 (VIOLATED)
_35577_/I1                              2.80    3.43   -0.63 (VIOLATED)
_33342_/I1                              2.80    3.43   -0.63 (VIOLATED)
_36228_/I1                              2.80    3.43   -0.63 (VIOLATED)
_38183_/I1                              2.80    3.43   -0.63 (VIOLATED)
_41799_/I1                              2.80    3.43   -0.63 (VIOLATED)
_41683_/I1                              2.80    3.43   -0.63 (VIOLATED)
_41674_/I1                              2.80    3.43   -0.63 (VIOLATED)
_36851_/I1                              2.80    3.43   -0.63 (VIOLATED)
_31655_/I1                              2.80    3.43   -0.63 (VIOLATED)
_36872_/I0                              2.80    3.42   -0.62 (VIOLATED)
_32348_/I1                              2.80    3.42   -0.62 (VIOLATED)
_35748_/I1                              2.80    3.42   -0.62 (VIOLATED)
_32150_/I1                              2.80    3.42   -0.62 (VIOLATED)
_39857_/I1                              2.80    3.42   -0.62 (VIOLATED)
_33883_/I1                              2.80    3.42   -0.62 (VIOLATED)
_36773_/I1                              2.80    3.42   -0.62 (VIOLATED)
_39505_/I1                              2.80    3.42   -0.62 (VIOLATED)
_41127_/I1                              2.80    3.42   -0.62 (VIOLATED)
_32658_/I1                              2.80    3.42   -0.62 (VIOLATED)
_35031_/I1                              2.80    3.42   -0.62 (VIOLATED)
_37223_/I1                              2.80    3.42   -0.62 (VIOLATED)
_32927_/I1                              2.80    3.42   -0.62 (VIOLATED)
_33116_/I1                              2.80    3.42   -0.62 (VIOLATED)
_32876_/I1                              2.80    3.42   -0.62 (VIOLATED)
_37125_/I1                              2.80    3.42   -0.62 (VIOLATED)
_40107_/I1                              2.80    3.42   -0.62 (VIOLATED)
_34781_/I1                              2.80    3.42   -0.62 (VIOLATED)
_40215_/I1                              2.80    3.42   -0.62 (VIOLATED)
_34965_/I1                              2.80    3.42   -0.62 (VIOLATED)
_34878_/I1                              2.80    3.42   -0.62 (VIOLATED)
_32140_/I1                              2.80    3.42   -0.62 (VIOLATED)
_38265_/I1                              2.80    3.42   -0.62 (VIOLATED)
_35399_/I1                              2.80    3.42   -0.62 (VIOLATED)
_37745_/I1                              2.80    3.42   -0.62 (VIOLATED)
_37512_/I1                              2.80    3.42   -0.62 (VIOLATED)
_35293_/I1                              2.80    3.42   -0.62 (VIOLATED)
_34300_/I1                              2.80    3.42   -0.62 (VIOLATED)
_34271_/I1                              2.80    3.42   -0.62 (VIOLATED)
_33726_/I1                              2.80    3.42   -0.62 (VIOLATED)
_36352_/I1                              2.80    3.42   -0.62 (VIOLATED)
_35354_/I1                              2.80    3.42   -0.62 (VIOLATED)
_33265_/I1                              2.80    3.42   -0.62 (VIOLATED)
_34092_/I1                              2.80    3.41   -0.61 (VIOLATED)
_32338_/I1                              2.80    3.41   -0.61 (VIOLATED)
_39325_/I1                              2.80    3.41   -0.61 (VIOLATED)
_35173_/I1                              2.80    3.41   -0.61 (VIOLATED)
_33096_/I1                              2.80    3.41   -0.61 (VIOLATED)
_36666_/I1                              2.80    3.41   -0.61 (VIOLATED)
_36090_/I1                              2.80    3.41   -0.61 (VIOLATED)
_34223_/I1                              2.80    3.41   -0.61 (VIOLATED)
_37521_/I1                              2.80    3.41   -0.61 (VIOLATED)
_36081_/I1                              2.80    3.41   -0.61 (VIOLATED)
_33626_/I1                              2.80    3.41   -0.61 (VIOLATED)
_36138_/I1                              2.80    3.41   -0.61 (VIOLATED)
_39218_/I1                              2.80    3.41   -0.61 (VIOLATED)
_34030_/I1                              2.80    3.41   -0.61 (VIOLATED)
_41322_/I1                              2.80    3.41   -0.61 (VIOLATED)
_33728_/I1                              2.80    3.41   -0.61 (VIOLATED)
_34654_/I1                              2.80    3.41   -0.61 (VIOLATED)
_32706_/I1                              2.80    3.41   -0.61 (VIOLATED)
_32142_/I1                              2.80    3.41   -0.61 (VIOLATED)
_35114_/I1                              2.80    3.41   -0.61 (VIOLATED)
_34172_/I1                              2.80    3.41   -0.61 (VIOLATED)
_36412_/I1                              2.80    3.41   -0.61 (VIOLATED)
_37221_/I1                              2.80    3.41   -0.61 (VIOLATED)
_33892_/I1                              2.80    3.41   -0.61 (VIOLATED)
_38744_/I1                              2.80    3.40   -0.60 (VIOLATED)
_41405_/I1                              2.80    3.40   -0.60 (VIOLATED)
_36557_/I1                              2.80    3.40   -0.60 (VIOLATED)
_33028_/I1                              2.80    3.40   -0.60 (VIOLATED)
_38501_/I1                              2.80    3.40   -0.60 (VIOLATED)
_40173_/I1                              2.80    3.40   -0.60 (VIOLATED)
_38860_/I1                              2.80    3.40   -0.60 (VIOLATED)
_36480_/I1                              2.80    3.40   -0.60 (VIOLATED)
_33463_/I1                              2.80    3.40   -0.60 (VIOLATED)
_34843_/I1                              2.80    3.40   -0.60 (VIOLATED)
_38215_/I1                              2.80    3.40   -0.60 (VIOLATED)
_38233_/I1                              2.80    3.40   -0.60 (VIOLATED)
_42088_/I1                              2.80    3.40   -0.60 (VIOLATED)
_33548_/I1                              2.80    3.40   -0.60 (VIOLATED)
_41495_/I1                              2.80    3.40   -0.60 (VIOLATED)
_33109_/I1                              2.80    3.40   -0.60 (VIOLATED)
_35921_/I1                              2.80    3.40   -0.60 (VIOLATED)
_34553_/I1                              2.80    3.40   -0.60 (VIOLATED)
_38440_/I1                              2.80    3.40   -0.60 (VIOLATED)
_32119_/I1                              2.80    3.40   -0.60 (VIOLATED)
_35204_/I1                              2.80    3.40   -0.60 (VIOLATED)
_32549_/I1                              2.80    3.40   -0.60 (VIOLATED)
_35282_/I1                              2.80    3.40   -0.60 (VIOLATED)
_36577_/I1                              2.80    3.40   -0.60 (VIOLATED)
_35376_/I1                              2.80    3.40   -0.60 (VIOLATED)
_32730_/I1                              2.80    3.40   -0.60 (VIOLATED)
place1499/I                             2.80    3.40   -0.60 (VIOLATED)
_35995_/I1                              2.80    3.40   -0.60 (VIOLATED)
_34355_/I1                              2.80    3.40   -0.60 (VIOLATED)
_39756_/I1                              2.80    3.40   -0.60 (VIOLATED)
_35931_/I1                              2.80    3.40   -0.60 (VIOLATED)
_32216_/I1                              2.80    3.39   -0.59 (VIOLATED)
_32776_/I1                              2.80    3.39   -0.59 (VIOLATED)
_33720_/I1                              2.80    3.39   -0.59 (VIOLATED)
_33798_/I1                              2.80    3.39   -0.59 (VIOLATED)
_33443_/I1                              2.80    3.39   -0.59 (VIOLATED)
_33236_/I1                              2.80    3.39   -0.59 (VIOLATED)
_40483_/I1                              2.80    3.39   -0.59 (VIOLATED)
_34756_/I1                              2.80    3.39   -0.59 (VIOLATED)
_33365_/I1                              2.80    3.39   -0.59 (VIOLATED)
_33844_/I1                              2.80    3.39   -0.59 (VIOLATED)
_33799_/I1                              2.80    3.39   -0.59 (VIOLATED)
_37923_/I1                              2.80    3.39   -0.59 (VIOLATED)
_34950_/I1                              2.80    3.39   -0.59 (VIOLATED)
_35939_/I1                              2.80    3.39   -0.59 (VIOLATED)
_40703_/I1                              2.80    3.39   -0.59 (VIOLATED)
_33733_/I1                              2.80    3.39   -0.59 (VIOLATED)
_33038_/I1                              2.80    3.39   -0.59 (VIOLATED)
_34849_/I1                              2.80    3.39   -0.59 (VIOLATED)
_36462_/I1                              2.80    3.39   -0.59 (VIOLATED)
_34456_/I1                              2.80    3.39   -0.59 (VIOLATED)
_35385_/I1                              2.80    3.39   -0.59 (VIOLATED)
_36587_/I1                              2.80    3.39   -0.59 (VIOLATED)
_38304_/I1                              2.80    3.38   -0.58 (VIOLATED)
_36575_/I1                              2.80    3.38   -0.58 (VIOLATED)
_33881_/I1                              2.80    3.38   -0.58 (VIOLATED)
_34623_/I1                              2.80    3.38   -0.58 (VIOLATED)
_35676_/I1                              2.80    3.38   -0.58 (VIOLATED)
_39921_/I1                              2.80    3.38   -0.58 (VIOLATED)
_35559_/I1                              2.80    3.38   -0.58 (VIOLATED)
_32870_/I1                              2.80    3.38   -0.58 (VIOLATED)
_39699_/I1                              2.80    3.38   -0.58 (VIOLATED)
_35937_/I1                              2.80    3.38   -0.58 (VIOLATED)
_37441_/I1                              2.80    3.38   -0.58 (VIOLATED)
_35195_/I1                              2.80    3.38   -0.58 (VIOLATED)
_39912_/I1                              2.80    3.38   -0.58 (VIOLATED)
_37787_/I1                              2.80    3.38   -0.58 (VIOLATED)
_37570_/I1                              2.80    3.38   -0.58 (VIOLATED)
_35029_/I1                              2.80    3.38   -0.58 (VIOLATED)
_39373_/I1                              2.80    3.38   -0.58 (VIOLATED)
_34077_/I1                              2.80    3.38   -0.58 (VIOLATED)
_33087_/I1                              2.80    3.38   -0.58 (VIOLATED)
_37114_/I1                              2.80    3.37   -0.57 (VIOLATED)
_38131_/I1                              2.80    3.37   -0.57 (VIOLATED)
_36942_/I1                              2.80    3.37   -0.57 (VIOLATED)
_35739_/I1                              2.80    3.37   -0.57 (VIOLATED)
_31974_/I1                              2.80    3.37   -0.57 (VIOLATED)
_33107_/I1                              2.80    3.37   -0.57 (VIOLATED)
_36771_/I1                              2.80    3.37   -0.57 (VIOLATED)
_41024_/I1                              2.80    3.37   -0.57 (VIOLATED)
_36717_/I1                              2.80    3.37   -0.57 (VIOLATED)
_37243_/I1                              2.80    3.37   -0.57 (VIOLATED)
_40793_/I1                              2.80    3.37   -0.57 (VIOLATED)
_34275_/I1                              2.80    3.37   -0.57 (VIOLATED)
_38332_/I1                              2.80    3.37   -0.57 (VIOLATED)
_33675_/I1                              2.80    3.37   -0.57 (VIOLATED)
_40255_/I1                              2.80    3.37   -0.57 (VIOLATED)
_34304_/I1                              2.80    3.37   -0.57 (VIOLATED)
_41324_/I1                              2.80    3.37   -0.57 (VIOLATED)
_31999_/I1                              2.80    3.37   -0.57 (VIOLATED)
_34535_/I1                              2.80    3.37   -0.57 (VIOLATED)
_32527_/I1                              2.80    3.37   -0.57 (VIOLATED)
_36579_/I1                              2.80    3.37   -0.57 (VIOLATED)
_41836_/I1                              2.80    3.37   -0.57 (VIOLATED)
_31957_/I1                              2.80    3.37   -0.57 (VIOLATED)
_41868_/I1                              2.80    3.37   -0.57 (VIOLATED)
_34068_/I1                              2.80    3.37   -0.57 (VIOLATED)
_33525_/I1                              2.80    3.37   -0.57 (VIOLATED)
_33100_/I1                              2.80    3.37   -0.57 (VIOLATED)
_33588_/I1                              2.80    3.37   -0.57 (VIOLATED)
_33150_/I1                              2.80    3.37   -0.57 (VIOLATED)
_37225_/I1                              2.80    3.36   -0.56 (VIOLATED)
_38672_/I1                              2.80    3.36   -0.56 (VIOLATED)
_32698_/I1                              2.80    3.36   -0.56 (VIOLATED)
_40657_/I1                              2.80    3.36   -0.56 (VIOLATED)
_41196_/I1                              2.80    3.36   -0.56 (VIOLATED)
_33853_/I1                              2.80    3.36   -0.56 (VIOLATED)
_34615_/I1                              2.80    3.36   -0.56 (VIOLATED)
_33932_/I1                              2.80    3.36   -0.56 (VIOLATED)
_33088_/I1                              2.80    3.36   -0.56 (VIOLATED)
_35689_/I1                              2.80    3.36   -0.56 (VIOLATED)
_40774_/I1                              2.80    3.36   -0.56 (VIOLATED)
_40671_/I1                              2.80    3.36   -0.56 (VIOLATED)
_36467_/I1                              2.80    3.36   -0.56 (VIOLATED)
_35166_/I1                              2.80    3.36   -0.56 (VIOLATED)
_38043_/I1                              2.80    3.36   -0.56 (VIOLATED)
_33833_/I1                              2.80    3.36   -0.56 (VIOLATED)
_37914_/I1                              2.80    3.36   -0.56 (VIOLATED)
_37869_/I1                              2.80    3.36   -0.56 (VIOLATED)
_37115_/I1                              2.80    3.36   -0.56 (VIOLATED)
_41896_/I1                              2.80    3.36   -0.56 (VIOLATED)
_41887_/I1                              2.80    3.36   -0.56 (VIOLATED)
_34861_/I1                              2.80    3.36   -0.56 (VIOLATED)
_41582_/I1                              2.80    3.36   -0.56 (VIOLATED)
_35759_/I1                              2.80    3.36   -0.56 (VIOLATED)
_39512_/I1                              2.80    3.36   -0.56 (VIOLATED)
_31964_/I1                              2.80    3.36   -0.56 (VIOLATED)
_41797_/I1                              2.80    3.36   -0.56 (VIOLATED)
_32937_/I1                              2.80    3.36   -0.56 (VIOLATED)
_38438_/I1                              2.80    3.36   -0.56 (VIOLATED)
_33157_/I1                              2.80    3.36   -0.56 (VIOLATED)
_33234_/I1                              2.80    3.36   -0.56 (VIOLATED)
_39020_/I1                              2.80    3.36   -0.56 (VIOLATED)
_38931_/I1                              2.80    3.36   -0.56 (VIOLATED)
_40746_/I1                              2.80    3.36   -0.56 (VIOLATED)
_40583_/I1                              2.80    3.36   -0.56 (VIOLATED)
_42031_/I1                              2.80    3.36   -0.56 (VIOLATED)
_39335_/I1                              2.80    3.36   -0.56 (VIOLATED)
_40630_/I1                              2.80    3.35   -0.55 (VIOLATED)
_40997_/I1                              2.80    3.35   -0.55 (VIOLATED)
_32111_/I1                              2.80    3.35   -0.55 (VIOLATED)
_41108_/I1                              2.80    3.35   -0.55 (VIOLATED)
_37204_/I1                              2.80    3.35   -0.55 (VIOLATED)
_33332_/I1                              2.80    3.35   -0.55 (VIOLATED)
_36016_/I1                              2.80    3.35   -0.55 (VIOLATED)
_38975_/I1                              2.80    3.35   -0.55 (VIOLATED)
_39785_/I1                              2.80    3.35   -0.55 (VIOLATED)
_34506_/I1                              2.80    3.35   -0.55 (VIOLATED)
_33762_/I1                              2.80    3.35   -0.55 (VIOLATED)
_35255_/I1                              2.80    3.35   -0.55 (VIOLATED)
_36980_/I1                              2.80    3.35   -0.55 (VIOLATED)
_35246_/I1                              2.80    3.35   -0.55 (VIOLATED)
_35165_/I1                              2.80    3.35   -0.55 (VIOLATED)
_35291_/I1                              2.80    3.35   -0.55 (VIOLATED)
_33412_/I1                              2.80    3.35   -0.55 (VIOLATED)
_34890_/I1                              2.80    3.34   -0.54 (VIOLATED)
_38507_/I1                              2.80    3.34   -0.54 (VIOLATED)
_37744_/I1                              2.80    3.34   -0.54 (VIOLATED)
_32557_/I1                              2.80    3.34   -0.54 (VIOLATED)
_35929_/I1                              2.80    3.34   -0.54 (VIOLATED)
_33796_/I1                              2.80    3.34   -0.54 (VIOLATED)
_33166_/I1                              2.80    3.34   -0.54 (VIOLATED)
_35480_/I1                              2.80    3.34   -0.54 (VIOLATED)
_33787_/I1                              2.80    3.34   -0.54 (VIOLATED)
_34066_/I1                              2.80    3.34   -0.54 (VIOLATED)
_34322_/I1                              2.80    3.34   -0.54 (VIOLATED)
_36667_/I1                              2.80    3.34   -0.54 (VIOLATED)
_36685_/I1                              2.80    3.34   -0.54 (VIOLATED)
_36299_/I1                              2.80    3.34   -0.54 (VIOLATED)
_37897_/I1                              2.80    3.34   -0.54 (VIOLATED)
_40136_/I1                              2.80    3.34   -0.54 (VIOLATED)
_35607_/I1                              2.80    3.34   -0.54 (VIOLATED)
_33374_/I1                              2.80    3.34   -0.54 (VIOLATED)
_35038_/I1                              2.80    3.34   -0.54 (VIOLATED)
_35328_/I1                              2.80    3.34   -0.54 (VIOLATED)
_32040_/I1                              2.80    3.34   -0.54 (VIOLATED)
_42058_/I1                              2.80    3.34   -0.54 (VIOLATED)
_38544_/I1                              2.80    3.34   -0.54 (VIOLATED)
_32240_/I1                              2.80    3.34   -0.54 (VIOLATED)
_34205_/I1                              2.80    3.34   -0.54 (VIOLATED)
_34785_/I1                              2.80    3.34   -0.54 (VIOLATED)
_36586_/I1                              2.80    3.34   -0.54 (VIOLATED)
_34773_/I1                              2.80    3.34   -0.54 (VIOLATED)
_34938_/I1                              2.80    3.34   -0.54 (VIOLATED)
_37924_/I1                              2.80    3.34   -0.54 (VIOLATED)
_36624_/I1                              2.80    3.34   -0.54 (VIOLATED)
_37005_/I1                              2.80    3.34   -0.54 (VIOLATED)
_33246_/I1                              2.80    3.34   -0.54 (VIOLATED)
_34353_/I1                              2.80    3.34   -0.54 (VIOLATED)
_32259_/I1                              2.80    3.34   -0.54 (VIOLATED)
_38330_/I1                              2.80    3.34   -0.54 (VIOLATED)
_35338_/I1                              2.80    3.34   -0.54 (VIOLATED)
_34754_/I1                              2.80    3.34   -0.54 (VIOLATED)
_36460_/I1                              2.80    3.34   -0.54 (VIOLATED)
_32283_/I1                              2.80    3.34   -0.54 (VIOLATED)
_35635_/I1                              2.80    3.34   -0.54 (VIOLATED)
_32242_/I1                              2.80    3.34   -0.54 (VIOLATED)
_35066_/I1                              2.80    3.34   -0.54 (VIOLATED)
_35177_/I1                              2.80    3.34   -0.54 (VIOLATED)
_35660_/I1                              2.80    3.33   -0.53 (VIOLATED)
_33269_/I1                              2.80    3.33   -0.53 (VIOLATED)
_33655_/I1                              2.80    3.33   -0.53 (VIOLATED)
_34686_/I1                              2.80    3.33   -0.53 (VIOLATED)
_33441_/I1                              2.80    3.33   -0.53 (VIOLATED)
_40669_/I1                              2.80    3.33   -0.53 (VIOLATED)
_32839_/I1                              2.80    3.33   -0.53 (VIOLATED)
_33432_/I1                              2.80    3.33   -0.53 (VIOLATED)
_32899_/I1                              2.80    3.32   -0.52 (VIOLATED)
_35482_/I1                              2.80    3.32   -0.52 (VIOLATED)
_34400_/I1                              2.80    3.32   -0.52 (VIOLATED)
_37561_/I1                              2.80    3.32   -0.52 (VIOLATED)
_34260_/I1                              2.80    3.32   -0.52 (VIOLATED)
_32261_/I1                              2.80    3.32   -0.52 (VIOLATED)
_31953_/I1                              2.80    3.32   -0.52 (VIOLATED)
_41504_/I1                              2.80    3.32   -0.52 (VIOLATED)
_34911_/I1                              2.80    3.32   -0.52 (VIOLATED)
_42025_/I1                              2.80    3.32   -0.52 (VIOLATED)
_31968_/I1                              2.80    3.32   -0.52 (VIOLATED)
_39732_/I1                              2.80    3.32   -0.52 (VIOLATED)
_37680_/I1                              2.80    3.32   -0.52 (VIOLATED)
_35383_/I1                              2.80    3.32   -0.52 (VIOLATED)
_32506_/I1                              2.80    3.32   -0.52 (VIOLATED)
_40271_/I1                              2.80    3.32   -0.52 (VIOLATED)
_39701_/I1                              2.80    3.32   -0.52 (VIOLATED)
_36389_/I1                              2.80    3.32   -0.52 (VIOLATED)
_38218_/I1                              2.80    3.32   -0.52 (VIOLATED)
_36471_/I1                              2.80    3.32   -0.52 (VIOLATED)
_33226_/I1                              2.80    3.31   -0.51 (VIOLATED)
_35394_/I1                              2.80    3.31   -0.51 (VIOLATED)
_35230_/I1                              2.80    3.31   -0.51 (VIOLATED)
_35202_/I1                              2.80    3.31   -0.51 (VIOLATED)
_41957_/I1                              2.80    3.31   -0.51 (VIOLATED)
_33320_/I1                              2.80    3.31   -0.51 (VIOLATED)
_41480_/I1                              2.80    3.31   -0.51 (VIOLATED)
_38999_/I1                              2.80    3.31   -0.51 (VIOLATED)
_36033_/I1                              2.80    3.31   -0.51 (VIOLATED)
_34026_/I1                              2.80    3.31   -0.51 (VIOLATED)
_32759_/I1                              2.80    3.30   -0.50 (VIOLATED)
_36128_/I1                              2.80    3.30   -0.50 (VIOLATED)
_34744_/I1                              2.80    3.30   -0.50 (VIOLATED)
_33138_/I1                              2.80    3.30   -0.50 (VIOLATED)
_40802_/I1                              2.80    3.30   -0.50 (VIOLATED)
_38318_/I1                              2.80    3.30   -0.50 (VIOLATED)
_33918_/I1                              2.80    3.30   -0.50 (VIOLATED)
_35002_/I1                              2.80    3.30   -0.50 (VIOLATED)
_36547_/I1                              2.80    3.30   -0.50 (VIOLATED)
_33417_/I1                              2.80    3.30   -0.50 (VIOLATED)
_39952_/I1                              2.80    3.30   -0.50 (VIOLATED)
_33468_/I1                              2.80    3.30   -0.50 (VIOLATED)
_39511_/I1                              2.80    3.29   -0.49 (VIOLATED)
_39161_/I1                              2.80    3.29   -0.49 (VIOLATED)
_32290_/I1                              2.80    3.29   -0.49 (VIOLATED)
_31575_/I1                              2.80    3.29   -0.49 (VIOLATED)
_32765_/I1                              2.80    3.29   -0.49 (VIOLATED)
_33983_/I1                              2.80    3.29   -0.49 (VIOLATED)
_35193_/I1                              2.80    3.29   -0.49 (VIOLATED)
_38371_/I1                              2.80    3.29   -0.49 (VIOLATED)
_36805_/I1                              2.80    3.29   -0.49 (VIOLATED)
_35662_/I1                              2.80    3.29   -0.49 (VIOLATED)
_35824_/I1                              2.80    3.29   -0.49 (VIOLATED)
_36191_/I1                              2.80    3.29   -0.49 (VIOLATED)
_31925_/I1                              2.80    3.29   -0.49 (VIOLATED)
_34396_/I1                              2.80    3.29   -0.49 (VIOLATED)
_40590_/I1                              2.80    3.28   -0.48 (VIOLATED)
_34664_/I1                              2.80    3.28   -0.48 (VIOLATED)
_36862_/I1                              2.80    3.28   -0.48 (VIOLATED)
_35327_/I1                              2.80    3.28   -0.48 (VIOLATED)
_33228_/I1                              2.80    3.28   -0.48 (VIOLATED)
_33238_/I1                              2.80    3.28   -0.48 (VIOLATED)
_33310_/I1                              2.80    3.28   -0.48 (VIOLATED)
_31802_/I1                              2.80    3.28   -0.48 (VIOLATED)
_32964_/I1                              2.80    3.28   -0.48 (VIOLATED)
_31938_/I1                              2.80    3.28   -0.48 (VIOLATED)
_41106_/I1                              2.80    3.28   -0.48 (VIOLATED)
_38668_/I1                              2.80    3.28   -0.48 (VIOLATED)
_37710_/I1                              2.80    3.28   -0.48 (VIOLATED)
_33148_/I1                              2.80    3.28   -0.48 (VIOLATED)
_35450_/I1                              2.80    3.28   -0.48 (VIOLATED)
_33459_/I1                              2.80    3.27   -0.47 (VIOLATED)
_38624_/I1                              2.80    3.27   -0.47 (VIOLATED)
_38120_/I1                              2.80    3.27   -0.47 (VIOLATED)
_37103_/I1                              2.80    3.27   -0.47 (VIOLATED)
_35534_/I1                              2.80    3.27   -0.47 (VIOLATED)
_38011_/I1                              2.80    3.27   -0.47 (VIOLATED)
_37300_/I1                              2.80    3.27   -0.47 (VIOLATED)
_35075_/I1                              2.80    3.27   -0.47 (VIOLATED)
_39813_/I1                              2.80    3.26   -0.46 (VIOLATED)
_32740_/I1                              2.80    3.26   -0.46 (VIOLATED)
_41070_/I1                              2.80    3.26   -0.46 (VIOLATED)
_32089_/I1                              2.80    3.26   -0.46 (VIOLATED)
_36585_/I1                              2.80    3.26   -0.46 (VIOLATED)
_35156_/I1                              2.80    3.26   -0.46 (VIOLATED)
_33363_/I1                              2.80    3.26   -0.46 (VIOLATED)
_35271_/I1                              2.80    3.26   -0.46 (VIOLATED)
_38777_/I1                              2.80    3.26   -0.46 (VIOLATED)
_33654_/I1                              2.80    3.26   -0.46 (VIOLATED)
_35157_/I1                              2.80    3.26   -0.46 (VIOLATED)
_32090_/I1                              2.80    3.26   -0.46 (VIOLATED)
_34427_/I1                              2.80    3.26   -0.46 (VIOLATED)
_39770_/I1                              2.80    3.26   -0.46 (VIOLATED)
_35917_/I1                              2.80    3.26   -0.46 (VIOLATED)
_32361_/I1                              2.80    3.26   -0.46 (VIOLATED)
_37645_/I1                              2.80    3.25   -0.45 (VIOLATED)
_32645_/I1                              2.80    3.25   -0.45 (VIOLATED)
_35467_/I1                              2.80    3.25   -0.45 (VIOLATED)
_32026_/I1                              2.80    3.25   -0.45 (VIOLATED)
_41210_/I1                              2.80    3.25   -0.45 (VIOLATED)
_40993_/I1                              2.80    3.25   -0.45 (VIOLATED)
_32279_/I1                              2.80    3.25   -0.45 (VIOLATED)
_39593_/I1                              2.80    3.25   -0.45 (VIOLATED)
_32077_/I1                              2.80    3.25   -0.45 (VIOLATED)
_33578_/I1                              2.80    3.25   -0.45 (VIOLATED)
_37439_/I1                              2.80    3.25   -0.45 (VIOLATED)
_36280_/I1                              2.80    3.25   -0.45 (VIOLATED)
_33256_/I1                              2.80    3.25   -0.45 (VIOLATED)
_37472_/I1                              2.80    3.25   -0.45 (VIOLATED)
_36887_/I1                              2.80    3.25   -0.45 (VIOLATED)
_41812_/I1                              2.80    3.25   -0.45 (VIOLATED)
_32931_/I1                              2.80    3.25   -0.45 (VIOLATED)
_32941_/I1                              2.80    3.25   -0.45 (VIOLATED)
_34387_/I1                              2.80    3.25   -0.45 (VIOLATED)
_40111_/I1                              2.80    3.25   -0.45 (VIOLATED)
_33600_/I1                              2.80    3.25   -0.45 (VIOLATED)
_35004_/I1                              2.80    3.25   -0.45 (VIOLATED)
_41911_/I1                              2.80    3.25   -0.45 (VIOLATED)
_40306_/I1                              2.80    3.25   -0.45 (VIOLATED)
_36748_/I1                              2.80    3.25   -0.45 (VIOLATED)
_37565_/I1                              2.80    3.25   -0.45 (VIOLATED)
_34827_/I1                              2.80    3.25   -0.45 (VIOLATED)
_32081_/I1                              2.80    3.25   -0.45 (VIOLATED)
_37995_/I1                              2.80    3.25   -0.45 (VIOLATED)
_32229_/I1                              2.80    3.25   -0.45 (VIOLATED)
_31920_/I1                              2.80    3.24   -0.44 (VIOLATED)
_33691_/I1                              2.80    3.24   -0.44 (VIOLATED)
_33416_/I1                              2.80    3.24   -0.44 (VIOLATED)
_35122_/I1                              2.80    3.24   -0.44 (VIOLATED)
_34096_/I1                              2.80    3.24   -0.44 (VIOLATED)
_34919_/I1                              2.80    3.24   -0.44 (VIOLATED)
_39459_/I1                              2.80    3.24   -0.44 (VIOLATED)
_31830_/I1                              2.80    3.24   -0.44 (VIOLATED)
_35286_/I1                              2.80    3.24   -0.44 (VIOLATED)
_39222_/I1                              2.80    3.24   -0.44 (VIOLATED)
_35011_/I1                              2.80    3.24   -0.44 (VIOLATED)
_36561_/I1                              2.80    3.24   -0.44 (VIOLATED)
_33274_/I1                              2.80    3.24   -0.44 (VIOLATED)
place1479/I                             2.80    3.24   -0.44 (VIOLATED)
_34853_/I1                              2.80    3.24   -0.44 (VIOLATED)
_34487_/I1                              2.80    3.24   -0.44 (VIOLATED)
_37916_/I1                              2.80    3.24   -0.44 (VIOLATED)
_34120_/I1                              2.80    3.24   -0.44 (VIOLATED)
_35761_/I1                              2.80    3.24   -0.44 (VIOLATED)
_32352_/I1                              2.80    3.24   -0.44 (VIOLATED)
_33572_/I1                              2.80    3.24   -0.44 (VIOLATED)
_34498_/I1                              2.80    3.24   -0.44 (VIOLATED)
_35771_/I1                              2.80    3.24   -0.44 (VIOLATED)
_32013_/I1                              2.80    3.24   -0.44 (VIOLATED)
_33229_/I1                              2.80    3.24   -0.44 (VIOLATED)
_32547_/I1                              2.80    3.24   -0.44 (VIOLATED)
_34147_/I1                              2.80    3.24   -0.44 (VIOLATED)
_36104_/I1                              2.80    3.24   -0.44 (VIOLATED)
_32364_/I1                              2.80    3.24   -0.44 (VIOLATED)
_31985_/I1                              2.80    3.24   -0.44 (VIOLATED)
_32671_/I1                              2.80    3.24   -0.44 (VIOLATED)
_33249_/I1                              2.80    3.24   -0.44 (VIOLATED)
_34645_/I1                              2.80    3.23   -0.43 (VIOLATED)
_40988_/I1                              2.80    3.23   -0.43 (VIOLATED)
_35151_/I1                              2.80    3.23   -0.43 (VIOLATED)
_38365_/I1                              2.80    3.23   -0.43 (VIOLATED)
_34863_/I1                              2.80    3.23   -0.43 (VIOLATED)
_35680_/I1                              2.80    3.23   -0.43 (VIOLATED)
_42059_/I1                              2.80    3.23   -0.43 (VIOLATED)
_33336_/I1                              2.80    3.23   -0.43 (VIOLATED)
_40397_/I1                              2.80    3.23   -0.43 (VIOLATED)
_37835_/I1                              2.80    3.23   -0.43 (VIOLATED)
_34114_/I1                              2.80    3.23   -0.43 (VIOLATED)
_35876_/I1                              2.80    3.23   -0.43 (VIOLATED)
_33297_/I1                              2.80    3.23   -0.43 (VIOLATED)
_39416_/I1                              2.80    3.23   -0.43 (VIOLATED)
_31783_/I1                              2.80    3.23   -0.43 (VIOLATED)
_39075_/I1                              2.80    3.23   -0.43 (VIOLATED)
_39437_/I1                              2.80    3.23   -0.43 (VIOLATED)
_33052_/I1                              2.80    3.23   -0.43 (VIOLATED)
_33940_/I1                              2.80    3.23   -0.43 (VIOLATED)
_39329_/I1                              2.80    3.23   -0.43 (VIOLATED)
_35663_/I1                              2.80    3.23   -0.43 (VIOLATED)
_34006_/I1                              2.80    3.22   -0.42 (VIOLATED)
_40486_/I1                              2.80    3.22   -0.42 (VIOLATED)
_32721_/I1                              2.80    3.22   -0.42 (VIOLATED)
_40183_/I1                              2.80    3.22   -0.42 (VIOLATED)
_41773_/I1                              2.80    3.22   -0.42 (VIOLATED)
_38565_/I1                              2.80    3.22   -0.42 (VIOLATED)
_34939_/I1                              2.80    3.22   -0.42 (VIOLATED)
_34745_/I1                              2.80    3.22   -0.42 (VIOLATED)
_33646_/I1                              2.80    3.22   -0.42 (VIOLATED)
_34774_/I1                              2.80    3.22   -0.42 (VIOLATED)
_32041_/I1                              2.80    3.21   -0.41 (VIOLATED)
_33788_/I1                              2.80    3.21   -0.41 (VIOLATED)
_33060_/I1                              2.80    3.21   -0.41 (VIOLATED)
_41474_/I1                              2.80    3.21   -0.41 (VIOLATED)
_36632_/I1                              2.80    3.21   -0.41 (VIOLATED)
_32889_/I1                              2.80    3.21   -0.41 (VIOLATED)
_34794_/I1                              2.80    3.21   -0.41 (VIOLATED)
_41107_/I1                              2.80    3.21   -0.41 (VIOLATED)
_36571_/I1                              2.80    3.21   -0.41 (VIOLATED)
_34187_/I1                              2.80    3.21   -0.41 (VIOLATED)
_31955_/I1                              2.80    3.21   -0.41 (VIOLATED)
_41025_/I1                              2.80    3.21   -0.41 (VIOLATED)
_35384_/I1                              2.80    3.21   -0.41 (VIOLATED)
_41716_/I1                              2.80    3.21   -0.41 (VIOLATED)
_35451_/I1                              2.80    3.21   -0.41 (VIOLATED)
_31998_/I1                              2.80    3.21   -0.41 (VIOLATED)
_37587_/I1                              2.80    3.21   -0.41 (VIOLATED)
_36241_/I1                              2.80    3.21   -0.41 (VIOLATED)
_33489_/I1                              2.80    3.21   -0.41 (VIOLATED)
_34132_/I1                              2.80    3.21   -0.41 (VIOLATED)
_32252_/I1                              2.80    3.21   -0.41 (VIOLATED)
_41284_/I1                              2.80    3.21   -0.41 (VIOLATED)
_35539_/I1                              2.80    3.21   -0.41 (VIOLATED)
_38109_/I1                              2.80    3.21   -0.41 (VIOLATED)
_37170_/I1                              2.80    3.21   -0.41 (VIOLATED)
_32548_/I1                              2.80    3.20   -0.40 (VIOLATED)
_34646_/I1                              2.80    3.20   -0.40 (VIOLATED)
_36018_/I1                              2.80    3.20   -0.40 (VIOLATED)
_34891_/I1                              2.80    3.20   -0.40 (VIOLATED)
_37440_/I1                              2.80    3.20   -0.40 (VIOLATED)
_32840_/I1                              2.80    3.20   -0.40 (VIOLATED)
_32670_/I1                              2.80    3.20   -0.40 (VIOLATED)
_34470_/I1                              2.80    3.20   -0.40 (VIOLATED)
_32649_/I1                              2.80    3.20   -0.40 (VIOLATED)
_34977_/I1                              2.80    3.20   -0.40 (VIOLATED)
_35919_/I1                              2.80    3.20   -0.40 (VIOLATED)
_34697_/I1                              2.80    3.20   -0.40 (VIOLATED)
_34595_/I1                              2.80    3.20   -0.40 (VIOLATED)
_33042_/I1                              2.80    3.20   -0.40 (VIOLATED)
_33376_/I1                              2.80    3.20   -0.40 (VIOLATED)
_34354_/I1                              2.80    3.20   -0.40 (VIOLATED)
_33375_/I1                              2.80    3.20   -0.40 (VIOLATED)
_34460_/I1                              2.80    3.20   -0.40 (VIOLATED)
_33442_/I1                              2.80    3.20   -0.40 (VIOLATED)
_34862_/I1                              2.80    3.20   -0.40 (VIOLATED)
_33247_/I1                              2.80    3.20   -0.40 (VIOLATED)
_38331_/I1                              2.80    3.20   -0.40 (VIOLATED)
_32363_/I1                              2.80    3.20   -0.40 (VIOLATED)
_33547_/I1                              2.80    3.20   -0.40 (VIOLATED)
_37670_/I1                              2.80    3.20   -0.40 (VIOLATED)
_34755_/I1                              2.80    3.20   -0.40 (VIOLATED)
_33647_/I1                              2.80    3.20   -0.40 (VIOLATED)
_35240_/I1                              2.80    3.20   -0.40 (VIOLATED)
_40434_/I1                              2.80    3.20   -0.40 (VIOLATED)
_33692_/I1                              2.80    3.20   -0.40 (VIOLATED)
_41547_/I1                              2.80    3.20   -0.40 (VIOLATED)
_31890_/I1                              2.80    3.20   -0.40 (VIOLATED)
_37571_/I1                              2.80    3.19   -0.39 (VIOLATED)
_32241_/I1                              2.80    3.19   -0.39 (VIOLATED)
_37212_/I1                              2.80    3.19   -0.39 (VIOLATED)
_35850_/I1                              2.80    3.19   -0.39 (VIOLATED)
_34485_/I1                              2.80    3.19   -0.39 (VIOLATED)
_35059_/I1                              2.80    3.19   -0.39 (VIOLATED)
_34496_/I1                              2.80    3.19   -0.39 (VIOLATED)
_35849_/I1                              2.80    3.19   -0.39 (VIOLATED)
_40924_/I1                              2.80    3.19   -0.39 (VIOLATED)
_34164_/I1                              2.80    3.19   -0.39 (VIOLATED)
_34246_/I1                              2.80    3.19   -0.39 (VIOLATED)
_35589_/I1                              2.80    3.19   -0.39 (VIOLATED)
_33149_/I1                              2.80    3.19   -0.39 (VIOLATED)
_34373_/I1                              2.80    3.19   -0.39 (VIOLATED)
_36726_/I1                              2.80    3.19   -0.39 (VIOLATED)
_33995_/I1                              2.80    3.19   -0.39 (VIOLATED)
_34045_/I1                              2.80    3.19   -0.39 (VIOLATED)
_35049_/I1                              2.80    3.19   -0.39 (VIOLATED)
_32728_/I1                              2.80    3.19   -0.39 (VIOLATED)
_32787_/I1                              2.80    3.19   -0.39 (VIOLATED)
_35481_/I1                              2.80    3.19   -0.39 (VIOLATED)
_32162_/I1                              2.80    3.19   -0.39 (VIOLATED)
_35322_/I1                              2.80    3.19   -0.39 (VIOLATED)
_32487_/I1                              2.80    3.19   -0.39 (VIOLATED)
_34873_/I1                              2.80    3.18   -0.38 (VIOLATED)
_38314_/I1                              2.80    3.18   -0.38 (VIOLATED)
_42078_/I1                              2.80    3.18   -0.38 (VIOLATED)
_34076_/I1                              2.80    3.18   -0.38 (VIOLATED)
_34665_/I1                              2.80    3.18   -0.38 (VIOLATED)
_37563_/I1                              2.80    3.18   -0.38 (VIOLATED)
_35588_/I1                              2.80    3.18   -0.38 (VIOLATED)
_36791_/I1                              2.80    3.18   -0.38 (VIOLATED)
_35971_/I1                              2.80    3.18   -0.38 (VIOLATED)
_33994_/I1                              2.80    3.18   -0.38 (VIOLATED)
_36382_/I1                              2.80    3.18   -0.38 (VIOLATED)
_32966_/I1                              2.80    3.18   -0.38 (VIOLATED)
_35139_/I1                              2.80    3.18   -0.38 (VIOLATED)
_32558_/I1                              2.80    3.18   -0.38 (VIOLATED)
_35320_/I1                              2.80    3.18   -0.38 (VIOLATED)
_32015_/I1                              2.80    3.18   -0.38 (VIOLATED)
_32163_/I1                              2.80    3.18   -0.38 (VIOLATED)
_32950_/I1                              2.80    3.18   -0.38 (VIOLATED)
_33355_/I1                              2.80    3.18   -0.38 (VIOLATED)
_36365_/I1                              2.80    3.18   -0.38 (VIOLATED)
_35506_/I1                              2.80    3.18   -0.38 (VIOLATED)
_39068_/I1                              2.80    3.18   -0.38 (VIOLATED)
_39551_/I1                              2.80    3.18   -0.38 (VIOLATED)
_40435_/I1                              2.80    3.17   -0.37 (VIOLATED)
_35033_/I1                              2.80    3.17   -0.37 (VIOLATED)
_31939_/I1                              2.80    3.17   -0.37 (VIOLATED)
_35150_/I1                              2.80    3.17   -0.37 (VIOLATED)
_33556_/I1                              2.80    3.17   -0.37 (VIOLATED)
_32342_/I1                              2.80    3.17   -0.37 (VIOLATED)
_35994_/I1                              2.80    3.17   -0.37 (VIOLATED)
_34262_/I1                              2.80    3.17   -0.37 (VIOLATED)
_35060_/I1                              2.80    3.17   -0.37 (VIOLATED)
_35598_/I1                              2.80    3.17   -0.37 (VIOLATED)
_40327_/I1                              2.80    3.17   -0.37 (VIOLATED)
_34376_/I1                              2.80    3.17   -0.37 (VIOLATED)
_35050_/I1                              2.80    3.17   -0.37 (VIOLATED)
_32362_/I1                              2.80    3.17   -0.37 (VIOLATED)
_36373_/I1                              2.80    3.17   -0.37 (VIOLATED)
_37475_/I1                              2.80    3.17   -0.37 (VIOLATED)
_34975_/I1                              2.80    3.16   -0.36 (VIOLATED)
_41618_/I1                              2.80    3.16   -0.36 (VIOLATED)
_41291_/I1                              2.80    3.16   -0.36 (VIOLATED)
_39888_/I1                              2.80    3.16   -0.36 (VIOLATED)
_35743_/I1                              2.80    3.16   -0.36 (VIOLATED)
_34197_/I1                              2.80    3.16   -0.36 (VIOLATED)
_36103_/I1                              2.80    3.16   -0.36 (VIOLATED)
_36381_/I1                              2.80    3.16   -0.36 (VIOLATED)
_34495_/I1                              2.80    3.16   -0.36 (VIOLATED)
_40313_/I1                              2.80    3.16   -0.36 (VIOLATED)
_34526_/I1                              2.80    3.16   -0.36 (VIOLATED)
_35752_/I1                              2.80    3.15   -0.35 (VIOLATED)
_40128_/I1                              2.80    3.15   -0.35 (VIOLATED)
_35895_/I1                              2.80    3.15   -0.35 (VIOLATED)
_32381_/I1                              2.80    3.15   -0.35 (VIOLATED)
_36488_/I1                              2.80    3.14   -0.34 (VIOLATED)
_32588_/I1                              2.80    3.14   -0.34 (VIOLATED)
_32789_/I1                              2.80    3.14   -0.34 (VIOLATED)
_35423_/I1                              2.80    3.14   -0.34 (VIOLATED)
_32949_/I1                              2.80    3.14   -0.34 (VIOLATED)
_37377_/I1                              2.80    3.14   -0.34 (VIOLATED)
_36002_/I1                              2.80    3.14   -0.34 (VIOLATED)
_41620_/I1                              2.80    3.14   -0.34 (VIOLATED)
_33185_/I1                              2.80    3.14   -0.34 (VIOLATED)
_40039_/I1                              2.80    3.14   -0.34 (VIOLATED)
_31987_/I1                              2.80    3.14   -0.34 (VIOLATED)
_41555_/I1                              2.80    3.14   -0.34 (VIOLATED)
_34949_/I1                              2.80    3.14   -0.34 (VIOLATED)
_34105_/I1                              2.80    3.14   -0.34 (VIOLATED)
_39181_/I1                              2.80    3.14   -0.34 (VIOLATED)
_39346_/I1                              2.80    3.14   -0.34 (VIOLATED)
_32630_/I1                              2.80    3.14   -0.34 (VIOLATED)
_37854_/I1                              2.80    3.14   -0.34 (VIOLATED)
_39001_/I1                              2.80    3.14   -0.34 (VIOLATED)
_41207_/I1                              2.80    3.14   -0.34 (VIOLATED)
_37773_/I1                              2.80    3.14   -0.34 (VIOLATED)
_38888_/I1                              2.80    3.14   -0.34 (VIOLATED)
_38543_/I1                              2.80    3.14   -0.34 (VIOLATED)
_32199_/I1                              2.80    3.14   -0.34 (VIOLATED)
_32393_/I1                              2.80    3.14   -0.34 (VIOLATED)
_38403_/I1                              2.80    3.14   -0.34 (VIOLATED)
_41862_/I1                              2.80    3.14   -0.34 (VIOLATED)
_37144_/I1                              2.80    3.14   -0.34 (VIOLATED)
_40203_/A1                              2.80    3.13   -0.33 (VIOLATED)
_40084_/I1                              2.80    3.13   -0.33 (VIOLATED)
_41883_/A1                              2.80    3.13   -0.33 (VIOLATED)
_41441_/I1                              2.80    3.13   -0.33 (VIOLATED)
_36961_/I1                              2.80    3.13   -0.33 (VIOLATED)
_41454_/A1                              2.80    3.13   -0.33 (VIOLATED)
_34577_/I1                              2.80    3.13   -0.33 (VIOLATED)
_32729_/I1                              2.80    3.13   -0.33 (VIOLATED)
_40221_/A1                              2.80    3.13   -0.33 (VIOLATED)
_39852_/A1                              2.80    3.13   -0.33 (VIOLATED)
_38799_/I1                              2.80    3.13   -0.33 (VIOLATED)
_41623_/A1                              2.80    3.13   -0.33 (VIOLATED)
_40382_/A1                              2.80    3.13   -0.33 (VIOLATED)
_37135_/I1                              2.80    3.13   -0.33 (VIOLATED)
_40192_/I1                              2.80    3.13   -0.33 (VIOLATED)
_38206_/I1                              2.80    3.13   -0.33 (VIOLATED)
_31649_/A1                              2.80    3.13   -0.33 (VIOLATED)
_41091_/A1                              2.80    3.13   -0.33 (VIOLATED)
_42043_/I1                              2.80    3.13   -0.33 (VIOLATED)
_42052_/I1                              2.80    3.13   -0.33 (VIOLATED)
_39751_/I1                              2.80    3.13   -0.33 (VIOLATED)
_32432_/I1                              2.80    3.13   -0.33 (VIOLATED)
_34245_/I1                              2.80    3.13   -0.33 (VIOLATED)
_40053_/I1                              2.80    3.13   -0.33 (VIOLATED)
_37264_/I1                              2.80    3.13   -0.33 (VIOLATED)
_41049_/I1                              2.80    3.13   -0.33 (VIOLATED)
_31705_/I1                              2.80    3.13   -0.33 (VIOLATED)
_38533_/I1                              2.80    3.13   -0.33 (VIOLATED)
_37804_/I1                              2.80    3.13   -0.33 (VIOLATED)
_40921_/A1                              2.80    3.13   -0.33 (VIOLATED)
_34081_/I1                              2.80    3.13   -0.33 (VIOLATED)
_39297_/I1                              2.80    3.13   -0.33 (VIOLATED)
_33579_/I1                              2.80    3.13   -0.33 (VIOLATED)
_41391_/I1                              2.80    3.13   -0.33 (VIOLATED)
_36885_/I1                              2.80    3.13   -0.33 (VIOLATED)
_41111_/A1                              2.80    3.13   -0.33 (VIOLATED)
_38483_/I1                              2.80    3.13   -0.33 (VIOLATED)
_35858_/I1                              2.80    3.13   -0.33 (VIOLATED)
_35859_/I1                              2.80    3.13   -0.33 (VIOLATED)
_34730_/I1                              2.80    3.12   -0.32 (VIOLATED)
_39676_/I1                              2.80    3.12   -0.32 (VIOLATED)
_40730_/I1                              2.80    3.12   -0.32 (VIOLATED)
_31660_/A1                              2.80    3.12   -0.32 (VIOLATED)
_38760_/I1                              2.80    3.12   -0.32 (VIOLATED)
_34542_/I1                              2.80    3.12   -0.32 (VIOLATED)
_39781_/I1                              2.80    3.12   -0.32 (VIOLATED)
place1501/I                             2.80    3.12   -0.32 (VIOLATED)
_36659_/I1                              2.80    3.12   -0.32 (VIOLATED)
_32830_/I1                              2.80    3.12   -0.32 (VIOLATED)
_31728_/I1                              2.80    3.12   -0.32 (VIOLATED)
_33050_/I1                              2.80    3.12   -0.32 (VIOLATED)
_39741_/I1                              2.80    3.12   -0.32 (VIOLATED)
_40308_/I1                              2.80    3.12   -0.32 (VIOLATED)
_37116_/I1                              2.80    3.12   -0.32 (VIOLATED)
_34988_/I1                              2.80    3.12   -0.32 (VIOLATED)
_38830_/I1                              2.80    3.12   -0.32 (VIOLATED)
_38787_/I1                              2.80    3.12   -0.32 (VIOLATED)
_36696_/I0                              2.80    3.12   -0.32 (VIOLATED)
_37579_/I1                              2.80    3.11   -0.31 (VIOLATED)
_40942_/I1                              2.80    3.11   -0.31 (VIOLATED)
_40392_/A1                              2.80    3.11   -0.31 (VIOLATED)
_38789_/I1                              2.80    3.11   -0.31 (VIOLATED)
_40742_/A1                              2.80    3.11   -0.31 (VIOLATED)
_31909_/I1                              2.80    3.11   -0.31 (VIOLATED)
_36192_/I1                              2.80    3.11   -0.31 (VIOLATED)
_38528_/I1                              2.80    3.11   -0.31 (VIOLATED)
_31905_/I1                              2.80    3.11   -0.31 (VIOLATED)
_33913_/I1                              2.80    3.11   -0.31 (VIOLATED)
_38258_/I1                              2.80    3.11   -0.31 (VIOLATED)
_40122_/A1                              2.80    3.11   -0.31 (VIOLATED)
_35346_/I1                              2.80    3.11   -0.31 (VIOLATED)
_31997_/I1                              2.80    3.11   -0.31 (VIOLATED)
_37080_/I1                              2.80    3.10   -0.30 (VIOLATED)
_37588_/I1                              2.80    3.10   -0.30 (VIOLATED)
_39417_/I1                              2.80    3.10   -0.30 (VIOLATED)
_33224_/I1                              2.80    3.10   -0.30 (VIOLATED)
_38905_/I1                              2.80    3.10   -0.30 (VIOLATED)
_33244_/I1                              2.80    3.10   -0.30 (VIOLATED)
_35760_/I1                              2.80    3.10   -0.30 (VIOLATED)
_33904_/I1                              2.80    3.10   -0.30 (VIOLATED)
_32866_/I1                              2.80    3.10   -0.30 (VIOLATED)
_36443_/I1                              2.80    3.10   -0.30 (VIOLATED)
_36650_/I1                              2.80    3.10   -0.30 (VIOLATED)
_39799_/I1                              2.80    3.10   -0.30 (VIOLATED)
_36549_/I1                              2.80    3.10   -0.30 (VIOLATED)
_31742_/I1                              2.80    3.10   -0.30 (VIOLATED)
_40201_/I1                              2.80    3.10   -0.30 (VIOLATED)
_33664_/I1                              2.80    3.10   -0.30 (VIOLATED)
_33491_/I1                              2.80    3.10   -0.30 (VIOLATED)
_36772_/I1                              2.80    3.10   -0.30 (VIOLATED)
_39784_/I1                              2.80    3.10   -0.30 (VIOLATED)
_34021_/I1                              2.80    3.10   -0.30 (VIOLATED)
_38185_/I1                              2.80    3.10   -0.30 (VIOLATED)
_38788_/I1                              2.80    3.10   -0.30 (VIOLATED)
_39311_/I1                              2.80    3.10   -0.30 (VIOLATED)
_31680_/I1                              2.80    3.09   -0.29 (VIOLATED)
_40013_/I1                              2.80    3.09   -0.29 (VIOLATED)
_38197_/I1                              2.80    3.09   -0.29 (VIOLATED)
_35336_/I1                              2.80    3.09   -0.29 (VIOLATED)
_35228_/I1                              2.80    3.09   -0.29 (VIOLATED)
_42086_/I1                              2.80    3.09   -0.29 (VIOLATED)
_34504_/I1                              2.80    3.09   -0.29 (VIOLATED)
_37415_/I1                              2.80    3.09   -0.29 (VIOLATED)
_39956_/I1                              2.80    3.09   -0.29 (VIOLATED)
_34616_/I1                              2.80    3.09   -0.29 (VIOLATED)
_38779_/I1                              2.80    3.09   -0.29 (VIOLATED)
_41892_/A1                              2.80    3.09   -0.29 (VIOLATED)
_37539_/I1                              2.80    3.09   -0.29 (VIOLATED)
_40733_/A1                              2.80    3.09   -0.29 (VIOLATED)
_41524_/A1                              2.80    3.09   -0.29 (VIOLATED)
_34872_/I1                              2.80    3.09   -0.29 (VIOLATED)
_32669_/I1                              2.80    3.09   -0.29 (VIOLATED)
_32308_/I1                              2.80    3.09   -0.29 (VIOLATED)
_39848_/I1                              2.80    3.08   -0.28 (VIOLATED)
_41970_/I1                              2.80    3.08   -0.28 (VIOLATED)
_42060_/I1                              2.80    3.08   -0.28 (VIOLATED)
_33089_/I1                              2.80    3.08   -0.28 (VIOLATED)
_39939_/I1                              2.80    3.08   -0.28 (VIOLATED)
_39076_/I1                              2.80    3.08   -0.28 (VIOLATED)
_33482_/I1                              2.80    3.08   -0.28 (VIOLATED)
_39122_/I1                              2.80    3.08   -0.28 (VIOLATED)
_39542_/I1                              2.80    3.08   -0.28 (VIOLATED)
_32755_/I1                              2.80    3.08   -0.28 (VIOLATED)
_40444_/I1                              2.80    3.08   -0.28 (VIOLATED)
_31621_/I1                              2.80    3.08   -0.28 (VIOLATED)
_34954_/I1                              2.80    3.08   -0.28 (VIOLATED)
_39140_/I1                              2.80    3.08   -0.28 (VIOLATED)
_37647_/I1                              2.80    3.08   -0.28 (VIOLATED)
_36898_/I1                              2.80    3.08   -0.28 (VIOLATED)
_41793_/A1                              2.80    3.07   -0.27 (VIOLATED)
_38704_/I1                              2.80    3.07   -0.27 (VIOLATED)
_40305_/I1                              2.80    3.07   -0.27 (VIOLATED)
_38319_/I1                              2.80    3.07   -0.27 (VIOLATED)
_37842_/I1                              2.80    3.07   -0.27 (VIOLATED)
_37639_/I1                              2.80    3.07   -0.27 (VIOLATED)
_39073_/I1                              2.80    3.07   -0.27 (VIOLATED)
_37301_/I1                              2.80    3.07   -0.27 (VIOLATED)
_34407_/I1                              2.80    3.07   -0.27 (VIOLATED)
_37104_/I1                              2.80    3.07   -0.27 (VIOLATED)
_41802_/A1                              2.80    3.07   -0.27 (VIOLATED)
_41814_/I1                              2.80    3.07   -0.27 (VIOLATED)
_39166_/I1                              2.80    3.07   -0.27 (VIOLATED)
_37343_/I1                              2.80    3.07   -0.27 (VIOLATED)
_39204_/I1                              2.80    3.07   -0.27 (VIOLATED)
_33665_/I1                              2.80    3.07   -0.27 (VIOLATED)
_40622_/I1                              2.80    3.07   -0.27 (VIOLATED)
_38012_/I1                              2.80    3.07   -0.27 (VIOLATED)
_33472_/I1                              2.80    3.07   -0.27 (VIOLATED)
_37997_/I1                              2.80    3.07   -0.27 (VIOLATED)
_37971_/I1                              2.80    3.07   -0.27 (VIOLATED)
_39032_/I1                              2.80    3.07   -0.27 (VIOLATED)
_37652_/I1                              2.80    3.07   -0.27 (VIOLATED)
_38582_/I1                              2.80    3.07   -0.27 (VIOLATED)
_39930_/I1                              2.80    3.07   -0.27 (VIOLATED)
_41639_/I1                              2.80    3.07   -0.27 (VIOLATED)
_41104_/I1                              2.80    3.07   -0.27 (VIOLATED)
_38534_/I1                              2.80    3.06   -0.26 (VIOLATED)
_37287_/I1                              2.80    3.06   -0.26 (VIOLATED)
_37827_/I1                              2.80    3.06   -0.26 (VIOLATED)
_40579_/A1                              2.80    3.06   -0.26 (VIOLATED)
_31792_/I1                              2.80    3.06   -0.26 (VIOLATED)
_36819_/I1                              2.80    3.06   -0.26 (VIOLATED)
_40843_/I1                              2.80    3.06   -0.26 (VIOLATED)
_40563_/A1                              2.80    3.06   -0.26 (VIOLATED)
_37637_/I1                              2.80    3.06   -0.26 (VIOLATED)
_39941_/A1                              2.80    3.06   -0.26 (VIOLATED)
_36817_/I1                              2.80    3.06   -0.26 (VIOLATED)
_38457_/I1                              2.80    3.06   -0.26 (VIOLATED)
_38429_/I1                              2.80    3.06   -0.26 (VIOLATED)
_41888_/I1                              2.80    3.06   -0.26 (VIOLATED)
_41897_/I1                              2.80    3.06   -0.26 (VIOLATED)
_41364_/I1                              2.80    3.06   -0.26 (VIOLATED)
_41376_/I1                              2.80    3.06   -0.26 (VIOLATED)
_39651_/I1                              2.80    3.06   -0.26 (VIOLATED)
_32507_/I1                              2.80    3.06   -0.26 (VIOLATED)
_38015_/I1                              2.80    3.06   -0.26 (VIOLATED)
_36596_/I1                              2.80    3.06   -0.26 (VIOLATED)
_40673_/I1                              2.80    3.06   -0.26 (VIOLATED)
_35707_/I1                              2.80    3.06   -0.26 (VIOLATED)
_35337_/I1                              2.80    3.06   -0.26 (VIOLATED)
_35229_/I1                              2.80    3.06   -0.26 (VIOLATED)
_38716_/I1                              2.80    3.06   -0.26 (VIOLATED)
_34323_/I1                              2.80    3.06   -0.26 (VIOLATED)
_32498_/I1                              2.80    3.06   -0.26 (VIOLATED)
_31666_/I1                              2.80    3.06   -0.26 (VIOLATED)
_39336_/I1                              2.80    3.06   -0.26 (VIOLATED)
_34986_/I1                              2.80    3.06   -0.26 (VIOLATED)
_32208_/I1                              2.80    3.05   -0.25 (VIOLATED)
_39790_/I1                              2.80    3.05   -0.25 (VIOLATED)
_35463_/I1                              2.80    3.05   -0.25 (VIOLATED)
_38986_/I1                              2.80    3.05   -0.25 (VIOLATED)
_38006_/I1                              2.80    3.05   -0.25 (VIOLATED)
_40398_/I1                              2.80    3.05   -0.25 (VIOLATED)
_39858_/I1                              2.80    3.05   -0.25 (VIOLATED)
_32008_/I1                              2.80    3.05   -0.25 (VIOLATED)
_32799_/I1                              2.80    3.05   -0.25 (VIOLATED)
_36458_/I1                              2.80    3.05   -0.25 (VIOLATED)
_37646_/I1                              2.80    3.05   -0.25 (VIOLATED)
_37386_/I1                              2.80    3.05   -0.25 (VIOLATED)
_35257_/I1                              2.80    3.05   -0.25 (VIOLATED)
_39514_/I1                              2.80    3.05   -0.25 (VIOLATED)
_32164_/I1                              2.80    3.05   -0.25 (VIOLATED)
_32951_/I1                              2.80    3.05   -0.25 (VIOLATED)
_38071_/I1                              2.80    3.05   -0.25 (VIOLATED)
_41585_/I1                              2.80    3.05   -0.25 (VIOLATED)
_37925_/I1                              2.80    3.05   -0.25 (VIOLATED)
_33197_/I1                              2.80    3.05   -0.25 (VIOLATED)
_41451_/I1                              2.80    3.05   -0.25 (VIOLATED)
_35967_/I1                              2.80    3.05   -0.25 (VIOLATED)
_34701_/I1                              2.80    3.05   -0.25 (VIOLATED)
_33747_/I1                              2.80    3.05   -0.25 (VIOLATED)
_32479_/I1                              2.80    3.05   -0.25 (VIOLATED)
_32468_/I1                              2.80    3.05   -0.25 (VIOLATED)
_36003_/I1                              2.80    3.05   -0.25 (VIOLATED)
_32382_/I1                              2.80    3.05   -0.25 (VIOLATED)
_35076_/I1                              2.80    3.05   -0.25 (VIOLATED)
_34196_/I1                              2.80    3.05   -0.25 (VIOLATED)
_41539_/I1                              2.80    3.05   -0.25 (VIOLATED)
_35697_/I1                              2.80    3.05   -0.25 (VIOLATED)
_35303_/I1                              2.80    3.05   -0.25 (VIOLATED)
_39642_/I1                              2.80    3.05   -0.25 (VIOLATED)
_41188_/I1                              2.80    3.05   -0.25 (VIOLATED)
_33492_/I1                              2.80    3.05   -0.25 (VIOLATED)
_33073_/I1                              2.80    3.05   -0.25 (VIOLATED)
_41719_/I1                              2.80    3.05   -0.25 (VIOLATED)
_40042_/A1                              2.80    3.05   -0.25 (VIOLATED)
_31867_/I1                              2.80    3.05   -0.25 (VIOLATED)
_32563_/I1                              2.80    3.04   -0.24 (VIOLATED)
_33638_/I1                              2.80    3.04   -0.24 (VIOLATED)
_38868_/I1                              2.80    3.04   -0.24 (VIOLATED)
_41244_/I1                              2.80    3.04   -0.24 (VIOLATED)
_37807_/I1                              2.80    3.04   -0.24 (VIOLATED)
_36943_/I1                              2.80    3.04   -0.24 (VIOLATED)
_35665_/I1                              2.80    3.04   -0.24 (VIOLATED)
_41020_/A1                              2.80    3.04   -0.24 (VIOLATED)
_36934_/I1                              2.80    3.04   -0.24 (VIOLATED)
_32102_/I1                              2.80    3.04   -0.24 (VIOLATED)
_31995_/I1                              2.80    3.04   -0.24 (VIOLATED)
_37207_/I1                              2.80    3.04   -0.24 (VIOLATED)
_34948_/I1                              2.80    3.04   -0.24 (VIOLATED)
_33480_/I1                              2.80    3.04   -0.24 (VIOLATED)
_38186_/I1                              2.80    3.04   -0.24 (VIOLATED)
_40533_/I1                              2.80    3.03   -0.23 (VIOLATED)
_32392_/I1                              2.80    3.03   -0.23 (VIOLATED)
_39252_/I1                              2.80    3.03   -0.23 (VIOLATED)
_38321_/I1                              2.80    3.03   -0.23 (VIOLATED)
_38275_/I1                              2.80    3.03   -0.23 (VIOLATED)
_37746_/I1                              2.80    3.03   -0.23 (VIOLATED)
_38589_/I1                              2.80    3.03   -0.23 (VIOLATED)
_38715_/I1                              2.80    3.03   -0.23 (VIOLATED)
_37482_/I1                              2.80    3.03   -0.23 (VIOLATED)
_41988_/I1                              2.80    3.03   -0.23 (VIOLATED)
_36595_/I1                              2.80    3.03   -0.23 (VIOLATED)
_40426_/I1                              2.80    3.03   -0.23 (VIOLATED)
_41718_/I1                              2.80    3.03   -0.23 (VIOLATED)
_40836_/I1                              2.80    3.03   -0.23 (VIOLATED)
_36399_/I1                              2.80    3.03   -0.23 (VIOLATED)
_32101_/I1                              2.80    3.03   -0.23 (VIOLATED)
_40494_/I1                              2.80    3.03   -0.23 (VIOLATED)
_37124_/I1                              2.80    3.03   -0.23 (VIOLATED)
_39688_/A2                              2.80    3.03   -0.23 (VIOLATED)
_39603_/I1                              2.80    3.03   -0.23 (VIOLATED)
_34215_/I1                              2.80    3.03   -0.23 (VIOLATED)
_32688_/I1                              2.80    3.03   -0.23 (VIOLATED)
_33685_/I1                              2.80    3.03   -0.23 (VIOLATED)
_36137_/I1                              2.80    3.02   -0.22 (VIOLATED)
_37681_/I1                              2.80    3.02   -0.22 (VIOLATED)
_40495_/I1                              2.80    3.02   -0.22 (VIOLATED)
_38436_/I1                              2.80    3.02   -0.22 (VIOLATED)
_34103_/I1                              2.80    3.02   -0.22 (VIOLATED)
_41117_/I1                              2.80    3.02   -0.22 (VIOLATED)
_38896_/I1                              2.80    3.02   -0.22 (VIOLATED)
_34217_/I1                              2.80    3.02   -0.22 (VIOLATED)
_36701_/I0                              2.80    3.02   -0.22 (VIOLATED)
_33447_/I1                              2.80    3.02   -0.22 (VIOLATED)
_33923_/I1                              2.80    3.02   -0.22 (VIOLATED)
_39684_/I1                              2.80    3.02   -0.22 (VIOLATED)
_35001_/I1                              2.80    3.01   -0.21 (VIOLATED)
_40827_/I1                              2.80    3.01   -0.21 (VIOLATED)
_32997_/I1                              2.80    3.01   -0.21 (VIOLATED)
_38290_/I1                              2.80    3.01   -0.21 (VIOLATED)
_37483_/I1                              2.80    3.01   -0.21 (VIOLATED)
_40431_/I1                              2.80    3.01   -0.21 (VIOLATED)
_31605_/I1                              2.80    3.01   -0.21 (VIOLATED)
_37034_/I1                              2.80    3.01   -0.21 (VIOLATED)
_41542_/A1                              2.80    3.00   -0.20 (VIOLATED)
_40551_/I1                              2.80    3.00   -0.20 (VIOLATED)
_37648_/I1                              2.80    3.00   -0.20 (VIOLATED)
_40309_/I1                              2.80    3.00   -0.20 (VIOLATED)
_35599_/I1                              2.80    3.00   -0.20 (VIOLATED)
_41378_/I1                              2.80    3.00   -0.20 (VIOLATED)
_41368_/I1                              2.80    3.00   -0.20 (VIOLATED)
_39965_/I1                              2.80    3.00   -0.20 (VIOLATED)
_34284_/I1                              2.80    3.00   -0.20 (VIOLATED)
_36669_/I1                              2.80    3.00   -0.20 (VIOLATED)
_40712_/I1                              2.80    3.00   -0.20 (VIOLATED)
_35436_/I1                              2.80    3.00   -0.20 (VIOLATED)
_34409_/I1                              2.80    3.00   -0.20 (VIOLATED)
_31875_/I1                              2.80    3.00   -0.20 (VIOLATED)
_36244_/I1                              2.80    3.00   -0.20 (VIOLATED)
_36289_/I1                              2.80    3.00   -0.20 (VIOLATED)
_35318_/I1                              2.80    3.00   -0.20 (VIOLATED)
_35884_/I1                              2.80    3.00   -0.20 (VIOLATED)
_41052_/I1                              2.80    3.00   -0.20 (VIOLATED)
_35947_/I1                              2.80    3.00   -0.20 (VIOLATED)
_37699_/I1                              2.80    2.99   -0.19 (VIOLATED)
_38463_/I1                              2.80    2.99   -0.19 (VIOLATED)
_37573_/I1                              2.80    2.99   -0.19 (VIOLATED)
_36202_/I1                              2.80    2.99   -0.19 (VIOLATED)
_35355_/I1                              2.80    2.99   -0.19 (VIOLATED)
_33756_/I1                              2.80    2.99   -0.19 (VIOLATED)
_36181_/I1                              2.80    2.99   -0.19 (VIOLATED)
_36172_/I1                              2.80    2.99   -0.19 (VIOLATED)
_37736_/I1                              2.80    2.99   -0.19 (VIOLATED)
_35129_/I1                              2.80    2.99   -0.19 (VIOLATED)
_34888_/I1                              2.80    2.99   -0.19 (VIOLATED)
_35522_/I1                              2.80    2.99   -0.19 (VIOLATED)
_37321_/I1                              2.80    2.99   -0.19 (VIOLATED)
_33627_/I1                              2.80    2.99   -0.19 (VIOLATED)
_35103_/I1                              2.80    2.99   -0.19 (VIOLATED)
_41869_/I1                              2.80    2.99   -0.19 (VIOLATED)
_34644_/I1                              2.80    2.99   -0.19 (VIOLATED)
_38431_/I1                              2.80    2.99   -0.19 (VIOLATED)
_33672_/I1                              2.80    2.99   -0.19 (VIOLATED)
_40892_/I1                              2.80    2.99   -0.19 (VIOLATED)
_39822_/I1                              2.80    2.99   -0.19 (VIOLATED)
_38808_/I1                              2.80    2.99   -0.19 (VIOLATED)
_36971_/I1                              2.80    2.99   -0.19 (VIOLATED)
_38014_/I1                              2.80    2.99   -0.19 (VIOLATED)
_35839_/I1                              2.80    2.99   -0.19 (VIOLATED)
_35830_/I1                              2.80    2.99   -0.19 (VIOLATED)
_34185_/I1                              2.80    2.99   -0.19 (VIOLATED)
_38088_/I1                              2.80    2.99   -0.19 (VIOLATED)
_37198_/I1                              2.80    2.99   -0.19 (VIOLATED)
_35852_/I1                              2.80    2.99   -0.19 (VIOLATED)
_35591_/I1                              2.80    2.99   -0.19 (VIOLATED)
_36262_/I1                              2.80    2.99   -0.19 (VIOLATED)
_36271_/I1                              2.80    2.99   -0.19 (VIOLATED)
_40093_/I1                              2.80    2.99   -0.19 (VIOLATED)
_40831_/A1                              2.80    2.99   -0.19 (VIOLATED)
_38025_/I1                              2.80    2.98   -0.18 (VIOLATED)
_35992_/I1                              2.80    2.98   -0.18 (VIOLATED)
_39320_/I1                              2.80    2.98   -0.18 (VIOLATED)
_33649_/I1                              2.80    2.98   -0.18 (VIOLATED)
_41583_/I1                              2.80    2.98   -0.18 (VIOLATED)
_32217_/I1                              2.80    2.98   -0.18 (VIOLATED)
_33640_/I1                              2.80    2.98   -0.18 (VIOLATED)
_40838_/I1                              2.80    2.98   -0.18 (VIOLATED)
_39552_/I1                              2.80    2.98   -0.18 (VIOLATED)
_37423_/I1                              2.80    2.98   -0.18 (VIOLATED)
_37503_/I1                              2.80    2.98   -0.18 (VIOLATED)
_36005_/I1                              2.80    2.98   -0.18 (VIOLATED)
_39156_/I1                              2.80    2.98   -0.18 (VIOLATED)
_35769_/I1                              2.80    2.98   -0.18 (VIOLATED)
_41881_/I1                              2.80    2.98   -0.18 (VIOLATED)
_35140_/I1                              2.80    2.98   -0.18 (VIOLATED)
_36102_/I1                              2.80    2.98   -0.18 (VIOLATED)
_34188_/I1                              2.80    2.98   -0.18 (VIOLATED)
_41531_/I1                              2.80    2.98   -0.18 (VIOLATED)
_38626_/I1                              2.80    2.98   -0.18 (VIOLATED)
_39021_/I1                              2.80    2.98   -0.18 (VIOLATED)
_40979_/I1                              2.80    2.98   -0.18 (VIOLATED)
_35867_/I1                              2.80    2.98   -0.18 (VIOLATED)
_38357_/I1                              2.80    2.98   -0.18 (VIOLATED)
_35142_/I1                              2.80    2.98   -0.18 (VIOLATED)
_38658_/I1                              2.80    2.98   -0.18 (VIOLATED)
_35507_/I1                              2.80    2.98   -0.18 (VIOLATED)
_41890_/I1                              2.80    2.97   -0.17 (VIOLATED)
_32481_/I1                              2.80    2.97   -0.17 (VIOLATED)
_39577_/I1                              2.80    2.97   -0.17 (VIOLATED)
_37619_/I1                              2.80    2.97   -0.17 (VIOLATED)
_37834_/I1                              2.80    2.97   -0.17 (VIOLATED)
_32470_/I1                              2.80    2.97   -0.17 (VIOLATED)
_38184_/I1                              2.80    2.97   -0.17 (VIOLATED)
_40822_/A1                              2.80    2.97   -0.17 (VIOLATED)
_40662_/A1                              2.80    2.97   -0.17 (VIOLATED)
_37293_/I1                              2.80    2.97   -0.17 (VIOLATED)
_35928_/I1                              2.80    2.97   -0.17 (VIOLATED)
_39950_/A1                              2.80    2.97   -0.17 (VIOLATED)
_31782_/I1                              2.80    2.97   -0.17 (VIOLATED)
_31753_/I1                              2.80    2.97   -0.17 (VIOLATED)
_39250_/I1                              2.80    2.97   -0.17 (VIOLATED)
_40835_/I1                              2.80    2.97   -0.17 (VIOLATED)
_41546_/I1                              2.80    2.97   -0.17 (VIOLATED)
_32141_/I1                              2.80    2.97   -0.17 (VIOLATED)
_32962_/I1                              2.80    2.97   -0.17 (VIOLATED)
_33984_/I1                              2.80    2.97   -0.17 (VIOLATED)
_37481_/I1                              2.80    2.97   -0.17 (VIOLATED)
_32976_/I1                              2.80    2.97   -0.17 (VIOLATED)
_33181_/I1                              2.80    2.97   -0.17 (VIOLATED)
_40102_/I1                              2.80    2.97   -0.17 (VIOLATED)
_39219_/I1                              2.80    2.97   -0.17 (VIOLATED)
_37612_/I1                              2.80    2.97   -0.17 (VIOLATED)
_41899_/I1                              2.80    2.97   -0.17 (VIOLATED)
_39433_/I1                              2.80    2.97   -0.17 (VIOLATED)
_32370_/I1                              2.80    2.97   -0.17 (VIOLATED)
_40108_/I1                              2.80    2.97   -0.17 (VIOLATED)
_36298_/I1                              2.80    2.97   -0.17 (VIOLATED)
_36651_/I1                              2.80    2.97   -0.17 (VIOLATED)
_34198_/I1                              2.80    2.97   -0.17 (VIOLATED)
_32546_/I1                              2.80    2.96   -0.16 (VIOLATED)
_32556_/I1                              2.80    2.96   -0.16 (VIOLATED)
_31633_/I1                              2.80    2.96   -0.16 (VIOLATED)
_35305_/I1                              2.80    2.96   -0.16 (VIOLATED)
_37432_/I1                              2.80    2.96   -0.16 (VIOLATED)
_40380_/I1                              2.80    2.96   -0.16 (VIOLATED)
_41692_/I1                              2.80    2.96   -0.16 (VIOLATED)
_39057_/I1                              2.80    2.96   -0.16 (VIOLATED)
_38643_/I1                              2.80    2.96   -0.16 (VIOLATED)
_32986_/I1                              2.80    2.96   -0.16 (VIOLATED)
_34342_/I1                              2.80    2.96   -0.16 (VIOLATED)
_32006_/I1                              2.80    2.96   -0.16 (VIOLATED)
_33663_/I1                              2.80    2.96   -0.16 (VIOLATED)
_34597_/I1                              2.80    2.96   -0.16 (VIOLATED)
_35478_/I1                              2.80    2.96   -0.16 (VIOLATED)
_35056_/I1                              2.80    2.96   -0.16 (VIOLATED)
_32238_/I1                              2.80    2.96   -0.16 (VIOLATED)
_33490_/I1                              2.80    2.96   -0.16 (VIOLATED)
_34806_/I1                              2.80    2.96   -0.16 (VIOLATED)
_36594_/I1                              2.80    2.96   -0.16 (VIOLATED)
_32100_/I1                              2.80    2.96   -0.16 (VIOLATED)
_38508_/I1                              2.80    2.96   -0.16 (VIOLATED)
_36045_/I1                              2.80    2.96   -0.16 (VIOLATED)
_32898_/I1                              2.80    2.96   -0.16 (VIOLATED)
_39598_/A1                              2.80    2.96   -0.16 (VIOLATED)
_32049_/I1                              2.80    2.96   -0.16 (VIOLATED)
_39955_/I1                              2.80    2.96   -0.16 (VIOLATED)
_35695_/I1                              2.80    2.96   -0.16 (VIOLATED)
_39587_/I1                              2.80    2.96   -0.16 (VIOLATED)
_34880_/I1                              2.80    2.96   -0.16 (VIOLATED)
_35797_/I1                              2.80    2.95   -0.15 (VIOLATED)
_37686_/I1                              2.80    2.95   -0.15 (VIOLATED)
_32822_/I1                              2.80    2.95   -0.15 (VIOLATED)
_33219_/I1                              2.80    2.95   -0.15 (VIOLATED)
_36926_/I1                              2.80    2.95   -0.15 (VIOLATED)
_41352_/I1                              2.80    2.95   -0.15 (VIOLATED)
_36114_/I1                              2.80    2.95   -0.15 (VIOLATED)
_40216_/I1                              2.80    2.95   -0.15 (VIOLATED)
_41170_/I1                              2.80    2.95   -0.15 (VIOLATED)
_41343_/I1                              2.80    2.95   -0.15 (VIOLATED)
_38969_/I1                              2.80    2.95   -0.15 (VIOLATED)
_40022_/I1                              2.80    2.95   -0.15 (VIOLATED)
_38609_/I1                              2.80    2.95   -0.15 (VIOLATED)
_38422_/I1                              2.80    2.95   -0.15 (VIOLATED)
_41180_/I1                              2.80    2.95   -0.15 (VIOLATED)
_39497_/I1                              2.80    2.95   -0.15 (VIOLATED)
_39213_/I1                              2.80    2.95   -0.15 (VIOLATED)
_40656_/I1                              2.80    2.95   -0.15 (VIOLATED)
_40548_/I1                              2.80    2.95   -0.15 (VIOLATED)
_37123_/I1                              2.80    2.95   -0.15 (VIOLATED)
_34011_/I1                              2.80    2.95   -0.15 (VIOLATED)
_38394_/I1                              2.80    2.95   -0.15 (VIOLATED)
_42076_/I1                              2.80    2.95   -0.15 (VIOLATED)
_35434_/I1                              2.80    2.95   -0.15 (VIOLATED)
_36837_/I1                              2.80    2.95   -0.15 (VIOLATED)
_36497_/I1                              2.80    2.95   -0.15 (VIOLATED)
_33754_/I1                              2.80    2.95   -0.15 (VIOLATED)
_38004_/I1                              2.80    2.95   -0.15 (VIOLATED)
_38080_/I1                              2.80    2.95   -0.15 (VIOLATED)
_38903_/I1                              2.80    2.95   -0.15 (VIOLATED)
_41717_/I1                              2.80    2.94   -0.14 (VIOLATED)
_38714_/I1                              2.80    2.94   -0.14 (VIOLATED)
_38135_/I1                              2.80    2.94   -0.14 (VIOLATED)
_38013_/I1                              2.80    2.94   -0.14 (VIOLATED)
_40298_/I1                              2.80    2.94   -0.14 (VIOLATED)
_33470_/I1                              2.80    2.94   -0.14 (VIOLATED)
_41713_/A1                              2.80    2.94   -0.14 (VIOLATED)
_35857_/I1                              2.80    2.94   -0.14 (VIOLATED)
_37004_/I1                              2.80    2.94   -0.14 (VIOLATED)
_37980_/I1                              2.80    2.94   -0.14 (VIOLATED)
_33431_/I1                              2.80    2.94   -0.14 (VIOLATED)
_32887_/I1                              2.80    2.94   -0.14 (VIOLATED)
_40641_/I1                              2.80    2.94   -0.14 (VIOLATED)
_36371_/I1                              2.80    2.94   -0.14 (VIOLATED)
_33564_/I1                              2.80    2.94   -0.14 (VIOLATED)
_40127_/I1                              2.80    2.94   -0.14 (VIOLATED)
_36334_/I1                              2.80    2.94   -0.14 (VIOLATED)
_40029_/I1                              2.80    2.94   -0.14 (VIOLATED)
_32445_/I1                              2.80    2.94   -0.14 (VIOLATED)
_37376_/I1                              2.80    2.94   -0.14 (VIOLATED)
_31665_/I1                              2.80    2.93   -0.13 (VIOLATED)
_35728_/I1                              2.80    2.93   -0.13 (VIOLATED)
_32414_/I1                              2.80    2.93   -0.13 (VIOLATED)
_36370_/I1                              2.80    2.93   -0.13 (VIOLATED)
_34084_/I1                              2.80    2.93   -0.13 (VIOLATED)
_40370_/I1                              2.80    2.93   -0.13 (VIOLATED)
_37473_/I1                              2.80    2.93   -0.13 (VIOLATED)
_41709_/I1                              2.80    2.93   -0.13 (VIOLATED)
_31772_/I1                              2.80    2.93   -0.13 (VIOLATED)
_38616_/I1                              2.80    2.93   -0.13 (VIOLATED)
_33364_/I1                              2.80    2.93   -0.13 (VIOLATED)
_41355_/A1                              2.80    2.93   -0.13 (VIOLATED)
_41272_/A1                              2.80    2.93   -0.13 (VIOLATED)
_34173_/I1                              2.80    2.93   -0.13 (VIOLATED)
_39758_/I1                              2.80    2.93   -0.13 (VIOLATED)
_41080_/I1                              2.80    2.93   -0.13 (VIOLATED)
_35039_/I1                              2.80    2.93   -0.13 (VIOLATED)
_37957_/I1                              2.80    2.93   -0.13 (VIOLATED)
_39594_/I1                              2.80    2.93   -0.13 (VIOLATED)
_34467_/I1                              2.80    2.93   -0.13 (VIOLATED)
_41281_/A1                              2.80    2.93   -0.13 (VIOLATED)
_41444_/A1                              2.80    2.92   -0.12 (VIOLATED)
_35779_/I1                              2.80    2.92   -0.12 (VIOLATED)
_31555_/I1                              2.80    2.92   -0.12 (VIOLATED)
_36219_/I1                              2.80    2.92   -0.12 (VIOLATED)
_36238_/I1                              2.80    2.92   -0.12 (VIOLATED)
_37205_/I1                              2.80    2.92   -0.12 (VIOLATED)
_41009_/I1                              2.80    2.92   -0.12 (VIOLATED)
_36461_/I1                              2.80    2.92   -0.12 (VIOLATED)
_39550_/I1                              2.80    2.92   -0.12 (VIOLATED)
_33051_/I1                              2.80    2.92   -0.12 (VIOLATED)
_36542_/I1                              2.80    2.92   -0.12 (VIOLATED)
_36924_/I1                              2.80    2.92   -0.12 (VIOLATED)
_39621_/I1                              2.80    2.92   -0.12 (VIOLATED)
_35149_/I1                              2.80    2.92   -0.12 (VIOLATED)
_37053_/I1                              2.80    2.92   -0.12 (VIOLATED)
_39842_/A1                              2.80    2.92   -0.12 (VIOLATED)
_36091_/I1                              2.80    2.92   -0.12 (VIOLATED)
_33755_/I1                              2.80    2.92   -0.12 (VIOLATED)
_34593_/I1                              2.80    2.92   -0.12 (VIOLATED)
_36201_/I1                              2.80    2.92   -0.12 (VIOLATED)
_40912_/A1                              2.80    2.92   -0.12 (VIOLATED)
_41182_/A1                              2.80    2.92   -0.12 (VIOLATED)
_41964_/A1                              2.80    2.92   -0.12 (VIOLATED)
_37259_/I1                              2.80    2.92   -0.12 (VIOLATED)
_37229_/I1                              2.80    2.91   -0.11 (VIOLATED)
_32394_/I1                              2.80    2.91   -0.11 (VIOLATED)
_42032_/I1                              2.80    2.91   -0.11 (VIOLATED)
_36379_/I1                              2.80    2.91   -0.11 (VIOLATED)
_37800_/I1                              2.80    2.91   -0.11 (VIOLATED)
_41011_/A1                              2.80    2.91   -0.11 (VIOLATED)
_41614_/A1                              2.80    2.91   -0.11 (VIOLATED)
_40971_/I1                              2.80    2.91   -0.11 (VIOLATED)
_33958_/I0                              2.80    2.91   -0.11 (VIOLATED)
_42054_/A1                              2.80    2.91   -0.11 (VIOLATED)
_35078_/I1                              2.80    2.91   -0.11 (VIOLATED)
_34290_/I1                              2.80    2.91   -0.11 (VIOLATED)
_41982_/A1                              2.80    2.91   -0.11 (VIOLATED)
_34299_/I1                              2.80    2.91   -0.11 (VIOLATED)
_34270_/I1                              2.80    2.91   -0.11 (VIOLATED)
_36574_/I1                              2.80    2.91   -0.11 (VIOLATED)
_32139_/I1                              2.80    2.91   -0.11 (VIOLATED)
_35558_/I1                              2.80    2.91   -0.11 (VIOLATED)
_32705_/I1                              2.80    2.91   -0.11 (VIOLATED)
_34027_/I1                              2.80    2.91   -0.11 (VIOLATED)
_33880_/I1                              2.80    2.91   -0.11 (VIOLATED)
_34681_/I1                              2.80    2.91   -0.11 (VIOLATED)
_34063_/I1                              2.80    2.91   -0.11 (VIOLATED)
_35684_/I1                              2.80    2.90   -0.10 (VIOLATED)
_38667_/I1                              2.80    2.90   -0.10 (VIOLATED)
_33950_/I1                              2.80    2.90   -0.10 (VIOLATED)
_40314_/I1                              2.80    2.90   -0.10 (VIOLATED)
_38420_/I1                              2.80    2.90   -0.10 (VIOLATED)
_40600_/I1                              2.80    2.90   -0.10 (VIOLATED)
_35669_/I1                              2.80    2.90   -0.10 (VIOLATED)
_35028_/I1                              2.80    2.90   -0.10 (VIOLATED)
_33139_/I1                              2.80    2.90   -0.10 (VIOLATED)
_42045_/A1                              2.80    2.90   -0.10 (VIOLATED)
_34614_/I1                              2.80    2.90   -0.10 (VIOLATED)
_36047_/I1                              2.80    2.90   -0.10 (VIOLATED)
_36056_/I1                              2.80    2.90   -0.10 (VIOLATED)
_37729_/I1                              2.80    2.90   -0.10 (VIOLATED)
_34350_/I1                              2.80    2.90   -0.10 (VIOLATED)
_36792_/I1                              2.80    2.90   -0.10 (VIOLATED)
_33223_/I1                              2.80    2.90   -0.10 (VIOLATED)
_40307_/I1                              2.80    2.89   -0.09 (VIOLATED)
_35172_/I1                              2.80    2.89   -0.09 (VIOLATED)
_38690_/I1                              2.80    2.89   -0.09 (VIOLATED)
_32257_/I1                              2.80    2.89   -0.09 (VIOLATED)
_35993_/I1                              2.80    2.89   -0.09 (VIOLATED)
_35353_/I1                              2.80    2.89   -0.09 (VIOLATED)
_35675_/I1                              2.80    2.89   -0.09 (VIOLATED)
_40480_/A1                              2.80    2.89   -0.09 (VIOLATED)
_36101_/I1                              2.80    2.89   -0.09 (VIOLATED)
_36362_/I1                              2.80    2.89   -0.09 (VIOLATED)
_41491_/I1                              2.80    2.89   -0.09 (VIOLATED)
_39719_/I1                              2.80    2.89   -0.09 (VIOLATED)
_40789_/I1                              2.80    2.89   -0.09 (VIOLATED)
_36713_/I1                              2.80    2.89   -0.09 (VIOLATED)
_34764_/I1                              2.80    2.89   -0.09 (VIOLATED)
_40798_/I1                              2.80    2.89   -0.09 (VIOLATED)
_41500_/I1                              2.80    2.89   -0.09 (VIOLATED)
_39728_/I1                              2.80    2.89   -0.09 (VIOLATED)
_37598_/I1                              2.80    2.89   -0.09 (VIOLATED)
_38497_/I1                              2.80    2.89   -0.09 (VIOLATED)
_35657_/I1                              2.80    2.89   -0.09 (VIOLATED)
_32836_/I1                              2.80    2.89   -0.09 (VIOLATED)
_42012_/I1                              2.80    2.89   -0.09 (VIOLATED)
_37239_/I1                              2.80    2.89   -0.09 (VIOLATED)
_32926_/I1                              2.80    2.89   -0.09 (VIOLATED)
_32215_/I1                              2.80    2.89   -0.09 (VIOLATED)
_32337_/I1                              2.80    2.89   -0.09 (VIOLATED)
_34848_/I1                              2.80    2.89   -0.09 (VIOLATED)
_40251_/I1                              2.80    2.89   -0.09 (VIOLATED)
_33930_/I1                              2.80    2.89   -0.09 (VIOLATED)
_35037_/I1                              2.80    2.89   -0.09 (VIOLATED)
_33341_/I1                              2.80    2.89   -0.09 (VIOLATED)
_41832_/I1                              2.80    2.88   -0.08 (VIOLATED)
_40226_/I1                              2.80    2.88   -0.08 (VIOLATED)
_33734_/I1                              2.80    2.88   -0.08 (VIOLATED)
_41769_/I1                              2.80    2.88   -0.08 (VIOLATED)
_38840_/I1                              2.80    2.88   -0.08 (VIOLATED)
_36976_/I1                              2.80    2.88   -0.08 (VIOLATED)
_37796_/I1                              2.80    2.88   -0.08 (VIOLATED)
_35747_/I1                              2.80    2.88   -0.08 (VIOLATED)
_41231_/I1                              2.80    2.88   -0.08 (VIOLATED)
_40963_/I1                              2.80    2.88   -0.08 (VIOLATED)
_41240_/I1                              2.80    2.88   -0.08 (VIOLATED)
_39629_/I1                              2.80    2.88   -0.08 (VIOLATED)
_39041_/I1                              2.80    2.88   -0.08 (VIOLATED)
_38300_/I1                              2.80    2.88   -0.08 (VIOLATED)
_40131_/A1                              2.80    2.88   -0.08 (VIOLATED)
_37517_/I1                              2.80    2.88   -0.08 (VIOLATED)
_38097_/I1                              2.80    2.88   -0.08 (VIOLATED)
_32149_/I1                              2.80    2.88   -0.08 (VIOLATED)
_36687_/I1                              2.80    2.88   -0.08 (VIOLATED)
_40520_/I1                              2.80    2.88   -0.08 (VIOLATED)
_39779_/A1                              2.80    2.88   -0.08 (VIOLATED)
_40489_/A1                              2.80    2.88   -0.08 (VIOLATED)
_33396_/I1                              2.80    2.88   -0.08 (VIOLATED)
_41809_/I1                              2.80    2.88   -0.08 (VIOLATED)
_41371_/A1                              2.80    2.88   -0.08 (VIOLATED)
_38039_/I1                              2.80    2.88   -0.08 (VIOLATED)
_35927_/I1                              2.80    2.88   -0.08 (VIOLATED)
_34883_/I1                              2.80    2.88   -0.08 (VIOLATED)
_33227_/I1                              2.80    2.88   -0.08 (VIOLATED)
_37508_/I1                              2.80    2.88   -0.08 (VIOLATED)
_31778_/A1                              2.80    2.88   -0.08 (VIOLATED)
_32200_/I1                              2.80    2.88   -0.08 (VIOLATED)
_41401_/I1                              2.80    2.88   -0.08 (VIOLATED)
_37786_/I1                              2.80    2.88   -0.08 (VIOLATED)
_39378_/I1                              2.80    2.88   -0.08 (VIOLATED)
_37099_/I1                              2.80    2.88   -0.08 (VIOLATED)
_36877_/I1                              2.80    2.88   -0.08 (VIOLATED)
_34186_/I1                              2.80    2.88   -0.08 (VIOLATED)
_36783_/I1                              2.80    2.88   -0.08 (VIOLATED)
_40699_/I1                              2.80    2.88   -0.08 (VIOLATED)
_37251_/I1                              2.80    2.87   -0.07 (VIOLATED)
_41191_/A1                              2.80    2.87   -0.07 (VIOLATED)
_33439_/I1                              2.80    2.87   -0.07 (VIOLATED)
_36012_/I1                              2.80    2.87   -0.07 (VIOLATED)
_32359_/I1                              2.80    2.87   -0.07 (VIOLATED)
_36788_/I1                              2.80    2.87   -0.07 (VIOLATED)
_42075_/I1                              2.80    2.87   -0.07 (VIOLATED)
_39118_/I1                              2.80    2.87   -0.07 (VIOLATED)
_36440_/I1                              2.80    2.87   -0.07 (VIOLATED)
_31763_/I1                              2.80    2.87   -0.07 (VIOLATED)
_31826_/I1                              2.80    2.87   -0.07 (VIOLATED)
_35203_/I1                              2.80    2.87   -0.07 (VIOLATED)
_40302_/A1                              2.80    2.87   -0.07 (VIOLATED)
_35235_/I1                              2.80    2.87   -0.07 (VIOLATED)
_36409_/I1                              2.80    2.87   -0.07 (VIOLATED)
_33625_/I1                              2.80    2.86   -0.06 (VIOLATED)
_39679_/A2                              2.80    2.86   -0.06 (VIOLATED)
_33257_/I1                              2.80    2.86   -0.06 (VIOLATED)
_35191_/I1                              2.80    2.86   -0.06 (VIOLATED)
_33992_/I1                              2.80    2.86   -0.06 (VIOLATED)
_33165_/I1                              2.80    2.86   -0.06 (VIOLATED)
_35281_/I1                              2.80    2.86   -0.06 (VIOLATED)
_32875_/I1                              2.80    2.86   -0.06 (VIOLATED)
_39369_/I1                              2.80    2.86   -0.06 (VIOLATED)
_33823_/I1                              2.80    2.86   -0.06 (VIOLATED)
_35389_/I1                              2.80    2.86   -0.06 (VIOLATED)
_37989_/I1                              2.80    2.86   -0.06 (VIOLATED)
_33243_/I1                              2.80    2.86   -0.06 (VIOLATED)
_41402_/I1                              2.80    2.86   -0.06 (VIOLATED)
_33566_/I1                              2.80    2.86   -0.06 (VIOLATED)
_39589_/A1                              2.80    2.86   -0.06 (VIOLATED)
_38169_/I1                              2.80    2.85   -0.05 (VIOLATED)
place1492/I                             2.80    2.85   -0.05 (VIOLATED)
_36311_/I1                              2.80    2.85   -0.05 (VIOLATED)
_40643_/A1                              2.80    2.85   -0.05 (VIOLATED)
_40033_/A1                              2.80    2.85   -0.05 (VIOLATED)
_41704_/A1                              2.80    2.85   -0.05 (VIOLATED)
_38732_/I1                              2.80    2.85   -0.05 (VIOLATED)
_39488_/I1                              2.80    2.85   -0.05 (VIOLATED)
_38959_/I1                              2.80    2.85   -0.05 (VIOLATED)
_38600_/I1                              2.80    2.85   -0.05 (VIOLATED)
_40179_/I1                              2.80    2.85   -0.05 (VIOLATED)
_40487_/I1                              2.80    2.85   -0.05 (VIOLATED)
_37778_/I1                              2.80    2.85   -0.05 (VIOLATED)
_41903_/I1                              2.80    2.85   -0.05 (VIOLATED)
_40708_/I1                              2.80    2.85   -0.05 (VIOLATED)
_31767_/A1                              2.80    2.85   -0.05 (VIOLATED)
_40632_/I1                              2.80    2.85   -0.05 (VIOLATED)
place1487/I                             2.80    2.85   -0.05 (VIOLATED)
_40317_/I1                              2.80    2.85   -0.05 (VIOLATED)
_34507_/I1                              2.80    2.85   -0.05 (VIOLATED)
_39280_/I1                              2.80    2.85   -0.05 (VIOLATED)
_36722_/I1                              2.80    2.85   -0.05 (VIOLATED)
_37886_/I1                              2.80    2.85   -0.05 (VIOLATED)
_40165_/I1                              2.80    2.85   -0.05 (VIOLATED)
_38605_/I1                              2.80    2.85   -0.05 (VIOLATED)
_41162_/I1                              2.80    2.85   -0.05 (VIOLATED)
_38310_/I1                              2.80    2.85   -0.05 (VIOLATED)
_37608_/I1                              2.80    2.85   -0.05 (VIOLATED)
_35491_/I1                              2.80    2.85   -0.05 (VIOLATED)
_38051_/I1                              2.80    2.85   -0.05 (VIOLATED)
_38212_/I1                              2.80    2.85   -0.05 (VIOLATED)
_39435_/I1                              2.80    2.85   -0.05 (VIOLATED)
_36824_/I1                              2.80    2.84   -0.04 (VIOLATED)
_35374_/I1                              2.80    2.84   -0.04 (VIOLATED)
_33973_/I1                              2.80    2.84   -0.04 (VIOLATED)
_32423_/I1                              2.80    2.84   -0.04 (VIOLATED)
_38834_/I1                              2.80    2.84   -0.04 (VIOLATED)
_37662_/I1                              2.80    2.84   -0.04 (VIOLATED)
_42069_/I1                              2.80    2.84   -0.04 (VIOLATED)
_38105_/I1                              2.80    2.84   -0.04 (VIOLATED)
_35086_/I1                              2.80    2.84   -0.04 (VIOLATED)
_41305_/I1                              2.80    2.84   -0.04 (VIOLATED)
_36570_/I1                              2.80    2.84   -0.04 (VIOLATED)
_33115_/I1                              2.80    2.84   -0.04 (VIOLATED)
_38492_/I1                              2.80    2.84   -0.04 (VIOLATED)
_31818_/I1                              2.80    2.84   -0.04 (VIOLATED)
_37782_/I1                              2.80    2.84   -0.04 (VIOLATED)
_33430_/I1                              2.80    2.84   -0.04 (VIOLATED)
_35221_/I1                              2.80    2.84   -0.04 (VIOLATED)
_39657_/I1                              2.80    2.84   -0.04 (VIOLATED)
_41296_/I1                              2.80    2.84   -0.04 (VIOLATED)
_33583_/I1                              2.80    2.84   -0.04 (VIOLATED)
_33602_/I1                              2.80    2.84   -0.04 (VIOLATED)
_39893_/I1                              2.80    2.84   -0.04 (VIOLATED)
_35128_/I1                              2.80    2.84   -0.04 (VIOLATED)
_35102_/I1                              2.80    2.83   -0.03 (VIOLATED)
_35856_/I1                              2.80    2.83   -0.03 (VIOLATED)
_38159_/I1                              2.80    2.83   -0.03 (VIOLATED)
_36261_/I1                              2.80    2.83   -0.03 (VIOLATED)
_36270_/I1                              2.80    2.83   -0.03 (VIOLATED)
_36569_/I1                              2.80    2.83   -0.03 (VIOLATED)
_32555_/I1                              2.80    2.83   -0.03 (VIOLATED)
_32545_/I1                              2.80    2.83   -0.03 (VIOLATED)
_32909_/I1                              2.80    2.83   -0.03 (VIOLATED)
_37904_/I1                              2.80    2.83   -0.03 (VIOLATED)
_41215_/I1                              2.80    2.83   -0.03 (VIOLATED)
_33546_/I1                              2.80    2.83   -0.03 (VIOLATED)
_35651_/I1                              2.80    2.83   -0.03 (VIOLATED)
_36361_/I1                              2.80    2.83   -0.03 (VIOLATED)
_40433_/I1                              2.80    2.83   -0.03 (VIOLATED)
_36897_/I1                              2.80    2.83   -0.03 (VIOLATED)
_37230_/I1                              2.80    2.83   -0.03 (VIOLATED)
_39010_/I1                              2.80    2.83   -0.03 (VIOLATED)
_35490_/I1                              2.80    2.83   -0.03 (VIOLATED)
_39352_/I1                              2.80    2.83   -0.03 (VIOLATED)
_36658_/I1                              2.80    2.83   -0.03 (VIOLATED)
_34591_/I1                              2.80    2.83   -0.03 (VIOLATED)
_32757_/I1                              2.80    2.83   -0.03 (VIOLATED)
_36300_/I1                              2.80    2.83   -0.03 (VIOLATED)
_36442_/I1                              2.80    2.83   -0.03 (VIOLATED)
_35462_/I1                              2.80    2.83   -0.03 (VIOLATED)
_32829_/I1                              2.80    2.83   -0.03 (VIOLATED)
_39549_/I1                              2.80    2.83   -0.03 (VIOLATED)
_36529_/I1                              2.80    2.83   -0.03 (VIOLATED)
_35058_/I1                              2.80    2.83   -0.03 (VIOLATED)
_36035_/I1                              2.80    2.83   -0.03 (VIOLATED)
_32668_/I1                              2.80    2.83   -0.03 (VIOLATED)
_36372_/I1                              2.80    2.83   -0.03 (VIOLATED)
_34195_/I1                              2.80    2.82   -0.02 (VIOLATED)
_38699_/I1                              2.80    2.82   -0.02 (VIOLATED)
_32868_/I1                              2.80    2.82   -0.02 (VIOLATED)
_38795_/I1                              2.80    2.82   -0.02 (VIOLATED)
_41329_/I1                              2.80    2.82   -0.02 (VIOLATED)
_40325_/I1                              2.80    2.82   -0.02 (VIOLATED)
_32678_/I1                              2.80    2.82   -0.02 (VIOLATED)
_41383_/I1                              2.80    2.82   -0.02 (VIOLATED)
_33912_/I1                              2.80    2.82   -0.02 (VIOLATED)
_33543_/I1                              2.80    2.82   -0.02 (VIOLATED)
_34871_/I1                              2.80    2.82   -0.02 (VIOLATED)
_41679_/I1                              2.80    2.82   -0.02 (VIOLATED)
_41670_/I1                              2.80    2.82   -0.02 (VIOLATED)
_33903_/I1                              2.80    2.82   -0.02 (VIOLATED)
_40659_/I1                              2.80    2.82   -0.02 (VIOLATED)
_32347_/I1                              2.80    2.82   -0.02 (VIOLATED)
_38323_/I1                              2.80    2.82   -0.02 (VIOLATED)
_33427_/I1                              2.80    2.82   -0.02 (VIOLATED)
_41931_/I1                              2.80    2.82   -0.02 (VIOLATED)
_40994_/I1                              2.80    2.82   -0.02 (VIOLATED)
_40609_/I1                              2.80    2.82   -0.02 (VIOLATED)
_36200_/I1                              2.80    2.82   -0.02 (VIOLATED)
_33331_/I1                              2.80    2.82   -0.02 (VIOLATED)
_32958_/I1                              2.80    2.82   -0.02 (VIOLATED)
_34163_/I1                              2.80    2.82   -0.02 (VIOLATED)
_35248_/I1                              2.80    2.82   -0.02 (VIOLATED)
_32182_/I1                              2.80    2.82   -0.02 (VIOLATED)
_33264_/I1                              2.80    2.82   -0.02 (VIOLATED)
_33438_/I1                              2.80    2.82   -0.02 (VIOLATED)
_32118_/I1                              2.80    2.82   -0.02 (VIOLATED)
_35768_/I1                              2.80    2.82   -0.02 (VIOLATED)
_31800_/A2                              2.80    2.82   -0.02 (VIOLATED)
_32237_/I1                              2.80    2.82   -0.02 (VIOLATED)
_38546_/I1                              2.80    2.82   -0.02 (VIOLATED)
_38223_/I1                              2.80    2.82   -0.02 (VIOLATED)
_35219_/I1                              2.80    2.82   -0.02 (VIOLATED)
_41922_/I1                              2.80    2.82   -0.02 (VIOLATED)
_32517_/I1                              2.80    2.82   -0.02 (VIOLATED)
_39475_/I1                              2.80    2.82   -0.02 (VIOLATED)
_33852_/I1                              2.80    2.82   -0.02 (VIOLATED)
_32454_/I1                              2.80    2.82   -0.02 (VIOLATED)
_31676_/I1                              2.80    2.82   -0.02 (VIOLATED)
_39289_/I1                              2.80    2.82   -0.02 (VIOLATED)
_39037_/I1                              2.80    2.82   -0.02 (VIOLATED)
_33534_/I1                              2.80    2.82   -0.02 (VIOLATED)
_40628_/I1                              2.80    2.82   -0.02 (VIOLATED)
_38193_/I1                              2.80    2.82   -0.02 (VIOLATED)
_38752_/I1                              2.80    2.82   -0.02 (VIOLATED)
_39836_/I1                              2.80    2.82   -0.02 (VIOLATED)
_35784_/I1                              2.80    2.82   -0.02 (VIOLATED)
_31629_/I1                              2.80    2.82   -0.02 (VIOLATED)
_33106_/I1                              2.80    2.82   -0.02 (VIOLATED)
_40116_/I1                              2.80    2.82   -0.02 (VIOLATED)
_35136_/I1                              2.80    2.82   -0.02 (VIOLATED)
_42021_/I1                              2.80    2.82   -0.02 (VIOLATED)
_33524_/I1                              2.80    2.82   -0.02 (VIOLATED)
_36997_/I1                              2.80    2.82   -0.02 (VIOLATED)
_34858_/I1                              2.80    2.82   -0.02 (VIOLATED)
_31726_/I1                              2.80    2.82   -0.02 (VIOLATED)
_36985_/I1                              2.80    2.82   -0.02 (VIOLATED)
_40440_/I1                              2.80    2.82   -0.02 (VIOLATED)
_40089_/I1                              2.80    2.82   -0.02 (VIOLATED)
_38408_/I1                              2.80    2.82   -0.02 (VIOLATED)
_36126_/I1                              2.80    2.82   -0.02 (VIOLATED)
_38852_/I1                              2.80    2.82   -0.02 (VIOLATED)
_37490_/I1                              2.80    2.82   -0.02 (VIOLATED)
_37452_/I1                              2.80    2.82   -0.02 (VIOLATED)
_36541_/I1                              2.80    2.82   -0.02 (VIOLATED)
_33481_/I1                              2.80    2.82   -0.02 (VIOLATED)
_37985_/I1                              2.80    2.81   -0.01 (VIOLATED)
_40865_/I1                              2.80    2.81   -0.01 (VIOLATED)
_33725_/I1                              2.80    2.81   -0.01 (VIOLATED)
_40464_/I1                              2.80    2.81   -0.01 (VIOLATED)
_31730_/I1                              2.80    2.81   -0.01 (VIOLATED)
_34546_/I1                              2.80    2.81   -0.01 (VIOLATED)
_34395_/I1                              2.80    2.81   -0.01 (VIOLATED)
_39209_/I1                              2.80    2.81   -0.01 (VIOLATED)
_33967_/I1                              2.80    2.81   -0.01 (VIOLATED)
_35006_/I1                              2.80    2.81   -0.01 (VIOLATED)
_40430_/I1                              2.80    2.81   -0.01 (VIOLATED)
_40807_/I1                              2.80    2.81   -0.01 (VIOLATED)
_42027_/A1                              2.80    2.81   -0.01 (VIOLATED)
_32266_/I1                              2.80    2.81   -0.01 (VIOLATED)
_32679_/I1                              2.80    2.81   -0.01 (VIOLATED)
_41485_/I1                              2.80    2.81   -0.01 (VIOLATED)
_34222_/I1                              2.80    2.81   -0.01 (VIOLATED)
_34003_/I1                              2.80    2.81   -0.01 (VIOLATED)
_37215_/I1                              2.80    2.81   -0.01 (VIOLATED)
_41593_/I1                              2.80    2.81   -0.01 (VIOLATED)
_38942_/I1                              2.80    2.81   -0.01 (VIOLATED)
_41035_/I1                              2.80    2.81   -0.01 (VIOLATED)
_38884_/I1                              2.80    2.81   -0.01 (VIOLATED)
_40556_/I1                              2.80    2.81   -0.01 (VIOLATED)
_40538_/I1                              2.80    2.81   -0.01 (VIOLATED)
_38021_/I1                              2.80    2.81   -0.01 (VIOLATED)
_37076_/I1                              2.80    2.81   -0.01 (VIOLATED)
_39478_/I1                              2.80    2.81   -0.01 (VIOLATED)
_37342_/I1                              2.80    2.81   -0.01 (VIOLATED)
_41126_/I1                              2.80    2.81   -0.01 (VIOLATED)
_37934_/I1                              2.80    2.81   -0.01 (VIOLATED)
_39523_/I0                              2.80    2.81   -0.01 (VIOLATED)
_36692_/I0                              2.80    2.81   -0.01 (VIOLATED)
_41638_/I1                              2.80    2.81   -0.01 (VIOLATED)
_34929_/I1                              2.80    2.81   -0.01 (VIOLATED)
_31741_/I1                              2.80    2.81   -0.01 (VIOLATED)
_38479_/I1                              2.80    2.81   -0.01 (VIOLATED)
_36907_/I1                              2.80    2.81   -0.01 (VIOLATED)
_40323_/I1                              2.80    2.81   -0.01 (VIOLATED)
_33635_/I1                              2.80    2.81   -0.01 (VIOLATED)
_40549_/I1                              2.80    2.81   -0.01 (VIOLATED)
_33404_/I1                              2.80    2.81   -0.01 (VIOLATED)
_38264_/I1                              2.80    2.80   -0.00 (VIOLATED)
_37683_/I1                              2.80    2.80   -0.00 (VIOLATED)
_37872_/I1                              2.80    2.80   -0.00 (VIOLATED)
_36790_/I1                              2.80    2.80   -0.00 (VIOLATED)
_35148_/I1                              2.80    2.80   -0.00 (VIOLATED)
_35685_/I1                              2.80    2.80   -0.00 (VIOLATED)
_40210_/I1                              2.80    2.80   -0.00 (VIOLATED)
_33555_/I1                              2.80    2.80   -0.00 (VIOLATED)
_38277_/I1                              2.80    2.80   -0.00 (VIOLATED)
_39630_/I1                              2.80    2.80   -0.00 (VIOLATED)
_33825_/I1                              2.80    2.80   -0.00 (VIOLATED)
_41153_/I1                              2.80    2.80   -0.00 (VIOLATED)
_38151_/I1                              2.80    2.80   -0.00 (VIOLATED)
_37961_/I1                              2.80    2.80   -0.00 (VIOLATED)
place1495/I                             2.80    2.80   -0.00 (VIOLATED)
place1498/I                             2.80    2.80   -0.00 (VIOLATED)
_41673_/I1                              2.80    2.80   -0.00 (VIOLATED)
_41682_/I1                              2.80    2.80   -0.00 (VIOLATED)
_40092_/I1                              2.80    2.80   -0.00 (VIOLATED)
_38680_/I1                              2.80    2.80   -0.00 (VIOLATED)
_36953_/I1                              2.80    2.80   -0.00 (VIOLATED)


==========================================================================
finish max_slew_check_slack
--------------------------------------------------------------------------
-3.0223593711853027

==========================================================================
finish max_slew_check_limit
--------------------------------------------------------------------------
2.799999952316284

==========================================================================
finish max_slew_check_slack_limit
--------------------------------------------------------------------------
-1.0794

==========================================================================
finish max_fanout_check_slack
--------------------------------------------------------------------------
1.0000000150474662e+30

==========================================================================
finish max_fanout_check_limit
--------------------------------------------------------------------------
1.0000000150474662e+30

==========================================================================
finish max_capacitance_check_slack
--------------------------------------------------------------------------
0.16691581904888153

==========================================================================
finish max_capacitance_check_limit
--------------------------------------------------------------------------
0.22310000658035278

==========================================================================
finish max_capacitance_check_slack_limit
--------------------------------------------------------------------------
0.7482

==========================================================================
finish max_slew_violation_count
--------------------------------------------------------------------------
max slew violation count 3542

==========================================================================
finish max_fanout_violation_count
--------------------------------------------------------------------------
max fanout violation count 0

==========================================================================
finish max_cap_violation_count
--------------------------------------------------------------------------
max cap violation count 0

==========================================================================
finish setup_violation_count
--------------------------------------------------------------------------
setup violation count 0

==========================================================================
finish hold_violation_count
--------------------------------------------------------------------------
hold violation count 0

==========================================================================
finish report_checks -path_delay max reg to reg
--------------------------------------------------------------------------
Startpoint: regfile_rst_n$_SDFFE_PP0P_
            (rising edge-triggered flip-flop clocked by clk)
Endpoint: regfile_inst.out[4]$_DFFE_PN0P_
          (recovery check against rising-edge clock clk)
Path Group: asynchronous
Path Type: max

  Delay    Time   Description
---------------------------------------------------------
   0.00    0.00   clock clk (rise edge)
   0.00    0.00   clock source latency
   0.00    0.00 ^ clk (in)
   0.23    0.23 ^ clkbuf_0_clk/Z (gf180mcu_fd_sc_mcu9t5v0__clkbuf_20)
   0.24    0.48 ^ clkbuf_2_2_0_clk/Z (gf180mcu_fd_sc_mcu9t5v0__clkbuf_20)
   0.37    0.85 ^ clkbuf_5_16_0_clk/Z (gf180mcu_fd_sc_mcu9t5v0__clkbuf_20)
   0.24    1.09 ^ clkbuf_leaf_234_clk/Z (gf180mcu_fd_sc_mcu9t5v0__clkbuf_20)
   0.00    1.09 ^ regfile_rst_n$_SDFFE_PP0P_/CLK (gf180mcu_fd_sc_mcu9t5v0__dffq_2)
   0.66    1.75 ^ regfile_rst_n$_SDFFE_PP0P_/Q (gf180mcu_fd_sc_mcu9t5v0__dffq_2)
   0.00    1.76 ^ regfile_inst.out[4]$_DFFE_PN0P_/RN (gf180mcu_fd_sc_mcu9t5v0__dffrnq_2)
           1.76   data arrival time

  20.00   20.00   clock clk (rise edge)
   0.00   20.00   clock source latency
   0.00   20.00 ^ clk (in)
   0.23   20.23 ^ clkbuf_0_clk/Z (gf180mcu_fd_sc_mcu9t5v0__clkbuf_20)
   0.24   20.48 ^ clkbuf_2_2_0_clk/Z (gf180mcu_fd_sc_mcu9t5v0__clkbuf_20)
   0.37   20.85 ^ clkbuf_5_16_0_clk/Z (gf180mcu_fd_sc_mcu9t5v0__clkbuf_20)
   0.22   21.06 ^ clkbuf_leaf_232_clk/Z (gf180mcu_fd_sc_mcu9t5v0__clkbuf_20)
   0.00   21.07 ^ regfile_inst.out[4]$_DFFE_PN0P_/CLK (gf180mcu_fd_sc_mcu9t5v0__dffrnq_2)
   0.00   21.07   clock reconvergence pessimism
  -0.03   21.04   library recovery time
          21.04   data required time
---------------------------------------------------------
          21.04   data required time
          -1.76   data arrival time
---------------------------------------------------------
          19.28   slack (MET)


Startpoint: reg_rd_addr[3]$_DFFE_PP_
            (rising edge-triggered flip-flop clocked by clk)
Endpoint: regfile_inst.out[3]$_DFFE_PN0P_
          (rising edge-triggered flip-flop clocked by clk)
Path Group: clk
Path Type: max

  Delay    Time   Description
---------------------------------------------------------
   0.00    0.00   clock clk (rise edge)
   0.00    0.00   clock source latency
   0.00    0.00 ^ clk (in)
   0.23    0.23 ^ clkbuf_0_clk/Z (gf180mcu_fd_sc_mcu9t5v0__clkbuf_20)
   0.24    0.48 ^ clkbuf_2_2_0_clk/Z (gf180mcu_fd_sc_mcu9t5v0__clkbuf_20)
   0.37    0.85 ^ clkbuf_5_16_0_clk/Z (gf180mcu_fd_sc_mcu9t5v0__clkbuf_20)
   0.24    1.09 ^ clkbuf_leaf_235_clk/Z (gf180mcu_fd_sc_mcu9t5v0__clkbuf_20)
   0.01    1.09 ^ reg_rd_addr[3]$_DFFE_PP_/CLK (gf180mcu_fd_sc_mcu9t5v0__dffq_2)
   0.99    2.08 v reg_rd_addr[3]$_DFFE_PP_/Q (gf180mcu_fd_sc_mcu9t5v0__dffq_2)
   0.56    2.64 v place1469/Z (gf180mcu_fd_sc_mcu9t5v0__buf_16)
   0.43    3.07 v _21670_/Z (gf180mcu_fd_sc_mcu9t5v0__and2_4)
   0.70    3.76 v _22341_/Z (gf180mcu_fd_sc_mcu9t5v0__and3_4)
   0.53    4.29 v place1300/Z (gf180mcu_fd_sc_mcu9t5v0__buf_20)
   1.14    5.43 v place1301/Z (gf180mcu_fd_sc_mcu9t5v0__buf_8)
   0.30    5.74 v _27504_/Z (gf180mcu_fd_sc_mcu9t5v0__and4_2)
   0.33    6.07 v _27507_/Z (gf180mcu_fd_sc_mcu9t5v0__or4_2)
   0.36    6.44 v _27508_/Z (gf180mcu_fd_sc_mcu9t5v0__or4_2)
   0.30    6.74 v _27525_/Z (gf180mcu_fd_sc_mcu9t5v0__or4_4)
   0.86    7.60 ^ _27549_/ZN (gf180mcu_fd_sc_mcu9t5v0__nor4_4)
   0.48    8.08 v _27723_/ZN (gf180mcu_fd_sc_mcu9t5v0__nand4_4)
   0.53    8.61 v _27921_/Z (gf180mcu_fd_sc_mcu9t5v0__or4_4)
   0.25    8.86 v _27922_/Z (gf180mcu_fd_sc_mcu9t5v0__mux2_2)
   0.21    9.06 v _27923_/Z (gf180mcu_fd_sc_mcu9t5v0__mux2_2)
   0.00    9.06 v regfile_inst.out[3]$_DFFE_PN0P_/D (gf180mcu_fd_sc_mcu9t5v0__dffrnq_2)
           9.06   data arrival time

  20.00   20.00   clock clk (rise edge)
   0.00   20.00   clock source latency
   0.00   20.00 ^ clk (in)
   0.23   20.23 ^ clkbuf_0_clk/Z (gf180mcu_fd_sc_mcu9t5v0__clkbuf_20)
   0.24   20.48 ^ clkbuf_2_2_0_clk/Z (gf180mcu_fd_sc_mcu9t5v0__clkbuf_20)
   0.37   20.85 ^ clkbuf_5_16_0_clk/Z (gf180mcu_fd_sc_mcu9t5v0__clkbuf_20)
   0.24   21.09 ^ clkbuf_leaf_233_clk/Z (gf180mcu_fd_sc_mcu9t5v0__clkbuf_20)
   0.00   21.09 ^ regfile_inst.out[3]$_DFFE_PN0P_/CLK (gf180mcu_fd_sc_mcu9t5v0__dffrnq_2)
   0.00   21.09   clock reconvergence pessimism
  -0.12   20.97   library setup time
          20.97   data required time
---------------------------------------------------------
          20.97   data required time
          -9.06   data arrival time
---------------------------------------------------------
          11.91   slack (MET)



==========================================================================
finish report_checks -path_delay min reg to reg
--------------------------------------------------------------------------
Startpoint: readout_buffer_rst_n$_SDFFE_PP0P_
            (rising edge-triggered flip-flop clocked by clk)
Endpoint: readout_buffer_inst.out_value[0]$_DFFE_PN0P_
          (removal check against rising-edge clock clk)
Path Group: asynchronous
Path Type: min

  Delay    Time   Description
---------------------------------------------------------
   0.00    0.00   clock clk (rise edge)
   0.00    0.00   clock source latency
   0.00    0.00 ^ clk (in)
   0.23    0.23 ^ clkbuf_0_clk/Z (gf180mcu_fd_sc_mcu9t5v0__clkbuf_20)
   0.24    0.48 ^ clkbuf_2_2_0_clk/Z (gf180mcu_fd_sc_mcu9t5v0__clkbuf_20)
   0.37    0.85 ^ clkbuf_5_16_0_clk/Z (gf180mcu_fd_sc_mcu9t5v0__clkbuf_20)
   0.24    1.09 ^ clkbuf_leaf_233_clk/Z (gf180mcu_fd_sc_mcu9t5v0__clkbuf_20)
   0.00    1.09 ^ readout_buffer_rst_n$_SDFFE_PP0P_/CLK (gf180mcu_fd_sc_mcu9t5v0__dffq_2)
   0.56    1.65 ^ readout_buffer_rst_n$_SDFFE_PP0P_/Q (gf180mcu_fd_sc_mcu9t5v0__dffq_2)
   0.00    1.65 ^ readout_buffer_inst.out_value[0]$_DFFE_PN0P_/RN (gf180mcu_fd_sc_mcu9t5v0__dffrnq_2)
           1.65   data arrival time

   0.00    0.00   clock clk (rise edge)
   0.00    0.00   clock source latency
   0.00    0.00 ^ clk (in)
   0.23    0.23 ^ clkbuf_0_clk/Z (gf180mcu_fd_sc_mcu9t5v0__clkbuf_20)
   0.24    0.48 ^ clkbuf_2_2_0_clk/Z (gf180mcu_fd_sc_mcu9t5v0__clkbuf_20)
   0.37    0.85 ^ clkbuf_5_16_0_clk/Z (gf180mcu_fd_sc_mcu9t5v0__clkbuf_20)
   0.24    1.09 ^ clkbuf_leaf_233_clk/Z (gf180mcu_fd_sc_mcu9t5v0__clkbuf_20)
   0.01    1.09 ^ readout_buffer_inst.out_value[0]$_DFFE_PN0P_/CLK (gf180mcu_fd_sc_mcu9t5v0__dffrnq_2)
   0.00    1.09   clock reconvergence pessimism
   0.29    1.39   library removal time
           1.39   data required time
---------------------------------------------------------
           1.39   data required time
          -1.65   data arrival time
---------------------------------------------------------
           0.27   slack (MET)


Startpoint: current_pixel_index[7]$_SDFFCE_PP0P_
            (rising edge-triggered flip-flop clocked by clk)
Endpoint: current_pixel_index[7]$_SDFFCE_PP0P_
          (rising edge-triggered flip-flop clocked by clk)
Path Group: clk
Path Type: min

  Delay    Time   Description
---------------------------------------------------------
   0.00    0.00   clock clk (rise edge)
   0.00    0.00   clock source latency
   0.00    0.00 ^ clk (in)
   0.23    0.23 ^ clkbuf_0_clk/Z (gf180mcu_fd_sc_mcu9t5v0__clkbuf_20)
   0.25    0.48 ^ clkbuf_2_0_0_clk/Z (gf180mcu_fd_sc_mcu9t5v0__clkbuf_20)
   0.37    0.85 ^ clkbuf_5_4_0_clk/Z (gf180mcu_fd_sc_mcu9t5v0__clkbuf_20)
   0.22    1.07 ^ clkbuf_leaf_275_clk/Z (gf180mcu_fd_sc_mcu9t5v0__clkbuf_20)
   0.00    1.07 ^ current_pixel_index[7]$_SDFFCE_PP0P_/CLK (gf180mcu_fd_sc_mcu9t5v0__dffq_2)
   0.42    1.50 ^ current_pixel_index[7]$_SDFFCE_PP0P_/Q (gf180mcu_fd_sc_mcu9t5v0__dffq_2)
   0.06    1.56 v _21373_/ZN (gf180mcu_fd_sc_mcu9t5v0__oai31_2)
   0.00    1.56 v current_pixel_index[7]$_SDFFCE_PP0P_/D (gf180mcu_fd_sc_mcu9t5v0__dffq_2)
           1.56   data arrival time

   0.00    0.00   clock clk (rise edge)
   0.00    0.00   clock source latency
   0.00    0.00 ^ clk (in)
   0.23    0.23 ^ clkbuf_0_clk/Z (gf180mcu_fd_sc_mcu9t5v0__clkbuf_20)
   0.25    0.48 ^ clkbuf_2_0_0_clk/Z (gf180mcu_fd_sc_mcu9t5v0__clkbuf_20)
   0.37    0.85 ^ clkbuf_5_4_0_clk/Z (gf180mcu_fd_sc_mcu9t5v0__clkbuf_20)
   0.22    1.07 ^ clkbuf_leaf_275_clk/Z (gf180mcu_fd_sc_mcu9t5v0__clkbuf_20)
   0.00    1.07 ^ current_pixel_index[7]$_SDFFCE_PP0P_/CLK (gf180mcu_fd_sc_mcu9t5v0__dffq_2)
   0.00    1.07   clock reconvergence pessimism
   0.09    1.16   library hold time
           1.16   data required time
---------------------------------------------------------
           1.16   data required time
          -1.56   data arrival time
---------------------------------------------------------
           0.40   slack (MET)



==========================================================================
finish critical path target clock latency max path
--------------------------------------------------------------------------
1.0513

==========================================================================
finish critical path target clock latency min path
--------------------------------------------------------------------------
1.0702

==========================================================================
finish critical path source clock latency min path
--------------------------------------------------------------------------
0.0000

==========================================================================
finish critical path delay
--------------------------------------------------------------------------
4.2461

==========================================================================
finish critical path slack
--------------------------------------------------------------------------
11.7539

==========================================================================
finish slack div critical path delay
--------------------------------------------------------------------------
276.816373

==========================================================================
finish report_power
--------------------------------------------------------------------------
Group                  Internal  Switching    Leakage      Total
                          Power      Power      Power      Power (Watts)
----------------------------------------------------------------
Sequential             3.56e-01   7.95e-04   4.98e-06   3.57e-01  50.1%
Combinational          7.79e-03   2.40e-02   4.92e-06   3.18e-02   4.5%
Clock                  1.76e-01   1.47e-01   4.03e-06   3.24e-01  45.4%
Macro                  0.00e+00   0.00e+00   0.00e+00   0.00e+00   0.0%
Pad                    0.00e+00   0.00e+00   0.00e+00   0.00e+00   0.0%
----------------------------------------------------------------
Total                  5.40e-01   1.72e-01   1.39e-05   7.12e-01 100.0%
                          75.8%      24.2%       0.0%
